order_id,klant_id,stad,land,datum_besteld,product,categorie,aantal,stuksprijs,korting_pct,omzet,betaalmethode,beloofde_levertijd,levertijd_dagen,klachtmelding,te_laat
ORD-102334,K1153,den haag,NL,13-06-2025,Ibuprofen 400mg,OTC,21,2.33,5.0,46.48,incasso,4,4.4,nee,1
ORD-101104,K1119,Rotterdam,NL,13-08-2025,Paracetamol 500mg,OTC,4,1.9,,7.6,incasso,4,3.4,nee,0
ORD-100626,K1177,Utrecht ,NL,2025-02-17,Vitamine D3 25mcg,OTC,4,7.48,0.0,29.92,creditcard,4,2.5,nee,0
ORD-102120,K1135,Zwolle,NL,2025-04-06,Insuline pen,Koelketen,24,40.71,10.0,879.34,incasso,6,4.0,nee,0
ORD-101192,K1109,Maastricht,NL,2025-05-19,Simvastatine 40mg,Rx,19,3.75,20.0,57.0,incasso,4,,nee,0
ORD-101764,K1058,Maastricht,NL,2025-01-21,Amoxicilline 250mg,Rx,17,6.76,5.0,109.17,creditcard,4,3.1,nee,0
ORD-101208,K1147,Groningen,NL,2025-04-10,Amoxicilline 250mg,Rx,21,6.7,15.0,119.6,factuur,4,2.3,nee,0
ORD-101585,K1101,A'dam,NL,2025-11-19,Simvastatine 40mg,Rx,29,3.89,0.0,112.81,vooruitbetaling,4,1.0,nee,0
ORD-100482,K1102,Zwolle,NL,2025-07-31,Metformine 850mg,Rx,17,4.13,0.0,70.21,factuur,4,1.0,nee,0
ORD-101851,K1099,den haag,NL,20/08/25,Metformine 850mg,Rx,7,4.11,,28.77,factuur,4,,nee,0
ORD-100454,K1052,Utrecht,NL,26/10/25,Salbutamol inhalator,Rx,92,17.75,20.0,1306.4,incasso,4,5.3,ja,1
ORD-100557,K1045,Gent,BE,24/02/25,Levothyroxine 50mcg,Rx,3,3.06,10.0,8.26,vooruitbetaling,4,2.3,nee,0
ORD-101879,K1031,Eindhoven,NL,2025-03-02,Paracetamol 500mg,OTC,7,1.86,0.0,13.02,incasso,4,3.1,nee,0
ORD-101200,K1150,Maastricht,NL,21/08/25,Omeprazol 20mg,Rx,9,5.08,15.0,38.86,creditcard,4,1.4,nee,0
ORD-101748,K1009,UTRECHT,NL,2025-07-07,Vitamine D3 25mcg,OTC,32,7.49,0.0,239.68,incasso,4,3.0,nee,0
ORD-100212,K1103,Utrecht,NL,17/05/25,Vitamine D3 25mcg,OTC,18,7.23,0.0,351.44,incasso,4,2.5,nee,0
ORD-100300,K1173,rotterdam,NL,11/02/25,Omeprazol 20mg,Rx,20,5.04,10.0,90.72,incasso,4,1.0,nee,0
ORD-100349,K1056,utrecht,NL,2025-11-25,Paracetamol 500mg,OTC,17,1.82,0.0,30.94,creditcard,4,3.7,nee,0
ORD-100938,K1139,antwerpen,BEL,20-07-2025,Salbutamol inhalator,Rx,72,17.43,0.0,1254.96,incasso,4,4.2,ja,1
ORD-100942,K1153,Eindhoven,NL,2025-09-11,Paracetamol 500mg,OTC,19,1.89,0.0,35.91,factuur,4,3.5,nee,0
ORD-100410,K1178,Antwerpen,BEL,2025-01-17,Metformine 850mg,Rx,24,4.24,15.0,86.5,factuur,4,1.7,nee,0
ORD-102017,K1140,'s-Gravenhage,NL,2025-05-19,Paracetamol 500mg,OTC,8,1.9,20.0,12.16,factuur,4,3.6,nee,0
ORD-101330,K1169,A'dam,NL,2025-07-02,Metformine 850mg,Rx,24,4.33,0.0,103.92,,4,2.4,nee,0
ORD-100325,K1142,Zwolle,NL,2025-03-08,Vitamine D3 25mcg,OTC,35,7.58,15.0,225.5,factuur,4,5.2,nee,1
ORD-101032,K1079,Den  Haag,NL,2025-04-04,Vitamine D3 25mcg,OTC,11,7.34,0.0,80.74,vooruitbetaling,4,1.9,nee,0
ORD-101402,K1154,Den Haag,NL,2025-04-28,Paracetamol 500mg,OTC,6,1.83,10.0,9.88,creditcard,4,2.9,nee,0
ORD-102364,K1023,Den  Haag,NL,2025-02-05,Vitamine D3 25mcg,OTC,41,7.05,10.0,260.15,creditcard,4,2.3,nee,0
ORD-101820,K1076,Groningen,NL,01-11-2025,Amoxicilline 250mg,Rx,118,6.59,0.0,777.62,incasso,4,4.0,nee,1
ORD-101611,K1091,'s-Gravenhage,NL,27/03/25,Insuline pen,Koelketen,19,43.96,0.0,835.24,creditcard,6,5.1,nee,0
ORD-101671,K1169,A'dam,NL,19-09-2025,Simvastatine 40mg,Rx,19,4.04,15.0,65.25,,4,3.8,nee,0
ORD-100456,K1160,A'dam,NL,17-08-2025,Amoxicilline 250mg,Rx,9,6.55,15.0,50.11,,4,3.2,nee,0
ORD-101029,K1146,Eindhoven,NL,25-06-2025,Metformine 850mg,Rx,67,4.16,15.0,236.91,creditcard,4,2.1,nee,0
ORD-101729,K1062,A'dam,NL,13/02/25,Vitamine D3 25mcg,OTC,13,7.32,5.0,90.4,,4,1.6,nee,0
ORD-101314,K1148,Eindhoven,NL,14/09/25,Amoxicilline 250mg,Rx,10,6.83,0.0,68.3,creditcard,4,3.2,nee,0
ORD-101563,K1034,UTRECHT,NL,01-09-2025,Omeprazol 20mg,Rx,11,5.15,10.0,50.99,vooruitbetaling,4,2.8,nee,0
ORD-101126,K1039,Amsterdam ,NL,30-01-2025,Vitamine D3 25mcg,OTC,27,7.21,0.0,194.67,incasso,4,1.7,nee,0
ORD-101737,K1043,Groningen,NL,11/04/25,Insuline pen,Koelketen,8,41.07,5.0,312.13,vooruitbetaling,6,4.1,nee,0
ORD-101122,K1039,UTRECHT,NL,28/09/25,Simvastatine 40mg,Rx,29,4.2,10.0,109.62,vooruitbetaling,4,3.2,nee,0
ORD-101370,K1078,Utrceht,NL,02-04-2025,Salbutamol inhalator,Rx,23,18.43,10.0,381.5,vooruitbetaling,4,3.0,nee,0
ORD-100334,K1115,Utrecht ,NL,16-03-2025,Omeprazol 20mg,Rx,72,5.09,15.0,272.66,factuur,4,3.9,nee,0
ORD-100493,K1110,Amsterdam ,NL,06/07/25,Simvastatine 40mg,Rx,26,3.87,0.0,100.62,creditcard,4,4.0,ja,1
ORD-101318,K1120,Rotterdam,NL,27-09-2025,Insuline pen,Koelketen,59,41.31,5.0,2315.43,creditcard,6,4.3,nee,0
ORD-101320,K1054,Eindhoven,NL,29/10/25,Amoxicilline 250mg,Rx,29,6.88,10.0,435.16,factuur,4,1.5,nee,0
ORD-100513,K1139,Utrceht,NL,10-08-2025,Vitamine D3 25mcg,OTC,40,6.84,0.0,273.6,factuur,4,2.4,nee,0
ORD-100356,K1136,Amsterdam,NL,25/10/25,Levothyroxine 50mcg,Rx,27,3.11,20.0,67.18,,4,3.2,nee,0
ORD-101968,K1171,amsterdam,NL,12/08/25,Paracetamol 500mg,OTC,14,1.88,10.0,23.69,factuur,4,4.2,ja,1
ORD-101174,K1006,Zwolle,NL,01/06/25,Ibuprofen 400mg,OTC,59,2.43,20.0,114.7,vooruitbetaling,4,4.0,nee,0
ORD-100949,K1041,Zwolle,NL,21/10/25,Omeprazol 20mg,Rx,58,5.15,10.0,268.83,factuur,4,2.0,nee,0
ORD-101507,K1054,Eindhoven,NL,26-09-2025,Levothyroxine 50mcg,Rx,40,3.15,0.0,126.0,factuur,4,4.5,ja,1
ORD-100874,K1134,Eindhoven,NL,18/08/25,Vitamine D3 25mcg,OTC,59,7.4,0.0,436.6,creditcard,4,2.4,nee,0
ORD-101657,K1061,Antwerpen,BEL,02-09-2025,Amoxicilline 250mg,Rx,19,6.64,,119.85,factuur,4,3.1,nee,0
ORD-100478,K1024,Gent,Belgie,22/06/25,Metformine 850mg,Rx,16,4.39,20.0,56.19,vooruitbetaling,4,2.6,nee,0
ORD-100718,K1026,Eindhoven,NL,2025-03-08,Salbutamol inhalator,Rx,226,19.37,10.0,3939.86,creditcard,4,5.4,ja,1
ORD-102164,K1114,Zwolle,NL,2025-03-21,Simvastatine 40mg,Rx,7,4.14,0.0,28.98,creditcard,4,3.4,nee,0
ORD-101281,K1061,Eindhoven,NL,26/01/25,Ibuprofen 400mg,OTC,9,2.33,10.0,18.87,creditcard,4,1.2,nee,0
ORD-101337,K1033,Eindhoven,NL,07-08-2025,Paracetamol 500mg,OTC,5,1.8,15.0,7.65,factuur,4,1.4,nee,0
ORD-102273,K1164,Gent,BEL,2025-11-02,Levothyroxine 50mcg,Rx,121,3.15,0.0,381.15,factuur,4,2.5,nee,0
ORD-100111,K1133,Maastricht,NL,29/09/25,Vitamine D3 25mcg,OTC,9,7.35,15.0,56.23,factuur,4,2.9,nee,0
ORD-102357,K1005,Amsterdam ,NL,2025-08-29,Metformine 850mg,Rx,4,4.22,5.0,16.04,incasso,4,1.2,nee,0
ORD-102279,K1030,Rotterdam,NL,2025-05-22,Ibuprofen 400mg,OTC,79,2.32,0.0,183.28,factuur,4,2.0,nee,0
ORD-100850,K1168,Den Haag,NL,09-08-2025,Levothyroxine 50mcg,Rx,3,3.18,15.0,8.11,incasso,4,2.6,nee,0
ORD-100440,K1084,Gent,BE,01/04/25,Paracetamol 500mg,OTC,34,1.86,5.0,60.08,factuur,4,3.2,nee,0
ORD-101860,K1109,Anvers,BEL,29/06/25,Amoxicilline 250mg,Rx,20,6.83,15.0,116.11,incasso,4,4.0,nee,0
ORD-102276,K1069,Utrecht ,NL,16-07-2025,Simvastatine 40mg,Rx,16,3.96,20.0,50.69,factuur,4,3.1,nee,0
ORD-101386,K1167,'s-Gravenhage,NL,05/04/25,Amoxicilline 250mg,Rx,5,6.93,5.0,32.92,creditcard,4,3.2,nee,0
ORD-101726,K1068,Rotterdam,NL,19/04/25,Amoxicilline 250mg,Rx,4,7.07,5.0,26.87,creditcard,4,3.1,nee,0
ORD-100236,K1066,Rotterdam,NL,2025-02-02,Salbutamol inhalator,Rx,73,18.42,10.0,1210.19,factuur,4,2.2,nee,0
ORD-101441,K1053,A'dam,NL,2025-06-25,Vitamine D3 25mcg,OTC,60,7.23,0.0,433.8,vooruitbetaling,4,2.4,nee,0
ORD-101480,K1100,Den  Haag,NL,18-09-2025,Vitamine D3 25mcg,OTC,31,7.1,0.0,220.1,incasso,4,1.2,nee,0
ORD-101599,K1140,Maastricht,NL,02-06-2025,Ibuprofen 400mg,OTC,107,2.34,10.0,225.34,factuur,4,,nee,0
ORD-101490,K1057,Gent,BEL,09-06-2025,Levothyroxine 50mcg,Rx,9,3.11,10.0,25.19,,4,2.8,nee,0
ORD-101243,K1006,A'dam,NL,06/06/25,Metformine 850mg,Rx,42,4.36,15.0,155.65,factuur,4,3.2,nee,0
ORD-100802,K1007,Eindhoven,NL,20/01/25,Salbutamol inhalator,Rx,8,17.99,0.0,143.92,factuur,4,2.8,nee,0
ORD-101834,K1067,Den  Haag,NL,29/08/25,Salbutamol inhalator,Rx,39,18.14,15.0,601.34,factuur,4,4.0,nee,0
ORD-100183,K1114,Utrceht,NL,19/09/25,Metformine 850mg,Rx,130,4.17,10.0,487.89,vooruitbetaling,4,3.6,nee,0
ORD-101608,K1174,Antwerpen,Belgie,2025-07-09,Salbutamol inhalator,Rx,14,19.53,5.0,259.75,factuur,4,2.3,nee,0
ORD-100577,K1021,Eindhoven,NL,16-05-2025,Levothyroxine 50mcg,Rx,18,3.17,15.0,48.5,creditcard,4,2.4,nee,0
ORD-101414,K1111,Gent,Belgie,09/07/25,Ibuprofen 400mg,OTC,104,2.46,10.0,230.26,vooruitbetaling,4,2.6,nee,0
ORD-102372,K1117,Utrecht ,NL,24/07/25,Paracetamol 500mg,OTC,29,1.75,5.0,48.21,vooruitbetaling,4,2.6,nee,0
ORD-100166,K1071,Amsterdam,NL,01/10/25,Metformine 850mg,Rx,15,4.18,15.0,53.29,,4,1.0,nee,0
ORD-100448,K1159,Amsterdam ,NL,2025-03-29,Levothyroxine 50mcg,Rx,13,3.01,0.0,39.13,vooruitbetaling,4,2.5,nee,0
ORD-101754,K1012,Gent,BEL,03/03/25,Metformine 850mg,Rx,14,4.25,0.0,59.5,vooruitbetaling,4,4.6,ja,1
ORD-100962,K1119,Utrecht,NL,28/05/25,Paracetamol 500mg,OTC,11,1.87,20.0,16.46,creditcard,4,,nee,0
ORD-101013,K1144,Gent,BE,27/02/25,Vitamine D3 25mcg,OTC,22,7.23,0.0,159.06,creditcard,4,2.9,nee,0
ORD-102116,K1175,rotterdam,NL,2025-05-06,Insuline pen,Koelketen,11,42.17,10.0,417.48,creditcard,6,4.0,ja,0
ORD-100328,K1075,Eindhoven,NL,30-10-2025,Salbutamol inhalator,Rx,42,18.92,5.0,754.91,vooruitbetaling,4,2.2,nee,0
ORD-102044,K1083,,NL,15-01-2025,Salbutamol inhalator,Rx,154,18.83,15.0,2464.85,incasso,4,2.4,nee,0
ORD-101728,K1104,den haag,NL,2025-06-11,Ibuprofen 400mg,OTC,37,2.41,10.0,80.25,vooruitbetaling,4,4.2,nee,1
ORD-101877,K1139,Gent,BEL,30/08/25,Paracetamol 500mg,OTC,7,1.83,20.0,10.25,factuur,4,1.0,nee,0
ORD-100194,K1069,den haag,NL,2025-02-11,Omeprazol 20mg,Rx,18,4.95,0.0,89.1,creditcard,4,3.4,nee,0
ORD-101687,K1152,Zwolle,NL,06-11-2025,Metformine 850mg,Rx,22,4.25,,84.15,creditcard,4,1.2,nee,0
ORD-101283,K1119,utrecht,NL,2025-03-03,Metformine 850mg,Rx,3,4.06,5.0,11.57,incasso,4,1.1,nee,0
ORD-100245,K1071,Eindhoven,NL,25-04-2025,Omeprazol 20mg,Rx,8,5.01,5.0,38.08,vooruitbetaling,4,3.7,nee,0
ORD-101376,K1069,Groningen,NL,2025-04-11,Paracetamol 500mg,OTC,14,1.82,10.0,22.93,vooruitbetaling,4,3.4,nee,0
ORD-101112,K1156,'s-Gravenhage,NL,06-04-2025,Vitamine D3 25mcg,OTC,30,7.21,10.0,194.67,incasso,4,4.9,ja,1
ORD-101878,K1174,Gent,Belgie,15/10/25,Metformine 850mg,Rx,6,4.1,0.0,24.6,incasso,4,1.6,nee,0
ORD-101801,K1039,A'dam,NL,2025-07-24,Levothyroxine 50mcg,Rx,60,3.04,15.0,155.04,incasso,4,1.5,nee,0
ORD-101680,K1136,Gent,Belgie,2025-05-11,Vitamine D3 25mcg,OTC,10,7.26,15.0,61.71,incasso,4,,nee,0
ORD-100269,K1086,Maastricht,NL,2025-10-06,Metformine 850mg,Rx,14,4.29,20.0,48.05,creditcard,4,4.3,ja,1
ORD-100301,K1003,Maastricht,NL,2025-04-08,Paracetamol 500mg,OTC,36,1.8,,64.8,creditcard,4,2.0,nee,0
ORD-101345,K1114,antwerpen,BE,2025-03-08,Paracetamol 500mg,OTC,32,1.84,5.0,55.94,incasso,4,2.7,nee,0
ORD-100228,K1108,Amsterdam,NL,15-01-2025,Levothyroxine 50mcg,Rx,18,3.2,10.0,51.84,incasso,4,1.0,nee,0
ORD-101573,K1162,Gent,BE,2025-01-20,Vitamine D3 25mcg,OTC,3,7.39,0.0,22.17,vooruitbetaling,4,1.0,nee,0
ORD-102329,K1096,rotterdam,NL,2025-06-03,Vitamine D3 25mcg,OTC,39,7.05,5.0,261.2,factuur,4,2.6,nee,0
ORD-100568,K1087,A'dam,NL,02/10/25,Insuline pen,Koelketen,128,40.06,20.0,4102.14,factuur,6,4.7,nee,0
ORD-100566,K1025,Gent,Belgie,20/05/25,Metformine 850mg,Rx,95,4.09,15.0,330.27,creditcard,4,3.2,nee,0
ORD-100965,K1133,Den Haag,NL,15-07-2025,Insuline pen,Koelketen,9,42.16,10.0,341.5,creditcard,6,4.7,nee,0
ORD-102326,K1169,Amsterdam ,NL,2025-11-16,Ibuprofen 400mg,OTC,85,2.43,0.0,206.55,creditcard,4,6.1,ja,1
ORD-100750,K1128,amsterdam,NL,2025-08-13,Amoxicilline 250mg,Rx,30,6.89,10.0,186.03,incasso,4,1.4,nee,0
ORD-101713,K1082,Utrecht ,NL,27-06-2025,Simvastatine 40mg,Rx,2,3.85,5.0,7.32,incasso,4,2.4,nee,0
ORD-101155,K1160,antwerpen,Belgie,02/03/25,Amoxicilline 250mg,Rx,4,6.91,0.0,27.64,creditcard,4,1.3,nee,0
ORD-100330,K1034,rotterdam,NL,18-01-2025,Levothyroxine 50mcg,Rx,10,3.03,10.0,27.27,incasso,4,3.7,nee,0
ORD-101097,K1045,Amsterdam ,NL,27-03-2025,Levothyroxine 50mcg,Rx,194,3.07,10.0,536.02,vooruitbetaling,4,4.5,ja,1
ORD-101067,K1036,Zwolle,NL,29-01-2025,Vitamine D3 25mcg,OTC,84,6.92,15.0,494.09,factuur,4,5.0,ja,1
ORD-101868,K1058,UTRECHT,NL,2025-11-04,Simvastatine 40mg,Rx,11,3.89,0.0,42.79,creditcard,4,1.4,nee,0
ORD-102330,K1014,Antwerpen,Belgie,19-05-2025,Salbutamol inhalator,Rx,10,18.46,5.0,440.73,vooruitbetaling,4,1.9,nee,0
ORD-101476,K1137,Amsterdam ,NL,30/08/25,Metformine 850mg,Rx,9,4.25,20.0,30.6,creditcard,4,3.3,nee,0
ORD-102298,K1091,antwerpen,Belgie,26/04/25,Amoxicilline 250mg,Rx,20,6.78,10.0,122.04,creditcard,4,2.3,nee,0
ORD-100350,K1115,Eindhoven,NL,18-01-2025,Paracetamol 500mg,OTC,57,1.89,15.0,91.57,incasso,4,3.0,nee,0
ORD-101487,K1031,Utrecht,NL,17-09-2025,Vitamine D3 25mcg,OTC,33,6.92,0.0,228.36,incasso,4,3.0,nee,0
ORD-100565,K1132,,NL,2025-09-05,Vitamine D3 25mcg,OTC,9,7.31,15.0,55.92,vooruitbetaling,4,1.0,nee,0
ORD-100805,K1076,Groningen,NL,2025-09-28,Vitamine D3 25mcg,OTC,31,7.37,10.0,205.62,creditcard,4,1.8,nee,0
ORD-101223,K1150,antwerpen,BE,2025-05-15,Amoxicilline 250mg,Rx,31,6.89,10.0,192.23,vooruitbetaling,4,5.1,ja,1
ORD-100883,K1158,Amsterdam,NL,04/10/25,Paracetamol 500mg,OTC,40,1.72,0.0,68.8,factuur,4,3.0,nee,0
ORD-101412,K1011,Eindhoven,NL,10-06-2025,Metformine 850mg,Rx,63,4.34,5.0,259.75,creditcard,4,3.0,nee,0
ORD-100424,K1096,Eindhoven,NL,15-05-2025,Omeprazol 20mg,Rx,10,4.96,0.0,49.6,creditcard,4,2.4,nee,0
ORD-100907,K1036,rotterdam,NL,25-07-2025,Paracetamol 500mg,OTC,40,1.76,10.0,63.36,factuur,4,2.4,nee,0
ORD-101704,K1042,rotterdam,NL,07-07-2025,Metformine 850mg,Rx,22,4.17,10.0,82.57,creditcard,4,2.4,nee,0
ORD-101194,K1087,Rotterdam,NL,21/02/25,Vitamine D3 25mcg,OTC,16,7.31,10.0,105.26,creditcard,4,3.6,nee,0
ORD-101072,K1145,Amsterdam,NL,26/07/25,Ibuprofen 400mg,OTC,42,2.24,10.0,84.67,incasso,4,2.9,nee,0
ORD-101492,K1057,Amsterdam,NL,04/09/25,Insuline pen,Koelketen,42,40.6,0.0,1705.2,creditcard,6,5.7,nee,0
ORD-100211,K1058,Den Haag,NL,07-11-2025,Amoxicilline 250mg,Rx,41,6.58,0.0,269.78,factuur,4,5.3,ja,1
ORD-101771,K1028,Zwolle,NL,16-01-2025,Amoxicilline 250mg,Rx,34,6.79,10.0,207.77,incasso,4,2.5,nee,0
ORD-101264,K1009,Utrceht,NL,25/08/25,Vitamine D3 25mcg,OTC,67,7.19,0.0,481.73,creditcard,4,1.5,nee,0
ORD-101753,K1106,rotterdam,NL,2025-11-25,Levothyroxine 50mcg,Rx,10,3.19,5.0,30.3,vooruitbetaling,4,3.4,nee,0
ORD-101259,K1034,Zwolle,NL,2025-08-05,Metformine 850mg,Rx,29,4.28,10.0,111.71,creditcard,4,3.3,nee,0
ORD-102208,K1149,rotterdam,NL,2025-02-20,Paracetamol 500mg,OTC,29,1.78,,41.3,factuur,4,4.9,ja,1
ORD-102275,K1171,Utrecht,NL,03-04-2025,Ibuprofen 400mg,OTC,18,2.34,20.0,33.7,factuur,4,1.0,nee,0
ORD-100087,K1177,A'dam,NL,12/04/25,Levothyroxine 50mcg,Rx,11,3.18,,31.48,creditcard,4,4.4,ja,1
ORD-100312,K1156,Amsterdam,NL,19/07/25,Metformine 850mg,Rx,56,4.5,5.0,239.4,factuur,4,2.4,nee,0
ORD-101263,K1143,,NL,11-03-2025,Omeprazol 20mg,Rx,8,4.9,5.0,37.24,vooruitbetaling,4,1.0,nee,0
ORD-100982,K1155,Eindhoven,NL,2025-02-10,Paracetamol 500mg,OTC,26,1.84,5.0,45.45,vooruitbetaling,4,3.4,nee,0
ORD-100751,K1170,Maastricht,NL,16/09/25,Levothyroxine 50mcg,Rx,35,3.14,0.0,109.9,creditcard,4,2.2,nee,0
ORD-100246,K1000,Eindhoven,NL,2025-02-15,Amoxicilline 250mg,Rx,21,6.75,15.0,120.49,vooruitbetaling,4,3.4,nee,0
ORD-101797,K1110,Amsterdam,NL,2025-11-10,Metformine 850mg,Rx,87,4.26,5.0,352.09,,4,2.2,nee,0
ORD-100003,K1124,Utrecht,NL,2025-01-14,Ibuprofen 400mg,OTC,13,2.47,0.0,32.11,factuur,4,2.8,nee,0
ORD-102134,K1124,Antwerpen,BEL,2025-09-25,Ibuprofen 400mg,OTC,57,2.36,10.0,121.07,vooruitbetaling,4,4.1,nee,1
ORD-101938,K1061,rotterdam,NL,05-03-2025,Insuline pen,Koelketen,31,42.22,20.0,1047.06,creditcard,6,4.0,nee,0
ORD-101672,K1110,Utrecht ,NL,03-06-2025,Salbutamol inhalator,Rx,14,18.72,0.0,262.08,incasso,4,1.9,nee,0
ORD-100532,K1083,Maastricht,NL,18/07/25,Salbutamol inhalator,Rx,16,18.8,10.0,270.72,vooruitbetaling,4,3.4,nee,0
ORD-100229,K1029,Utrecht ,NL,02-07-2025,Metformine 850mg,Rx,28,4.19,10.0,105.59,vooruitbetaling,4,3.1,nee,0
ORD-100859,K1020,Groningen,NL,09/02/25,Metformine 850mg,Rx,36,4.12,0.0,148.32,vooruitbetaling,4,,nee,0
ORD-100615,K1060,Amsterdam ,NL,2025-03-10,Ibuprofen 400mg,OTC,97,2.29,,211.02,incasso,4,1.9,nee,0
ORD-101207,K1172,Groningen,NL,10/01/25,Salbutamol inhalator,Rx,16,18.06,,231.17,creditcard,4,2.0,nee,0
ORD-101849,K1084,Utrecht ,NL,26-02-2025,Ibuprofen 400mg,OTC,45,2.44,15.0,93.33,factuur,4,3.2,nee,0
ORD-101095,K1154,Amsterdam ,NL,2025-09-23,Vitamine D3 25mcg,OTC,10,7.15,5.0,67.92,factuur,4,1.0,nee,0
ORD-100490,K1051,A'dam,NL,2025-03-27,Vitamine D3 25mcg,OTC,8,7.58,0.0,60.64,vooruitbetaling,4,1.0,nee,0
ORD-100867,K1162,Rotterdam,NL,11-08-2025,Omeprazol 20mg,Rx,21,4.96,10.0,93.74,factuur,4,2.2,nee,0
ORD-102056,K1048,Utrecht,NL,2025-08-17,Amoxicilline 250mg,Rx,5,7.03,5.0,33.39,factuur,4,2.7,nee,0
ORD-102341,K1033,Utrecht,NL,22-01-2025,Salbutamol inhalator,Rx,41,18.95,5.0,738.1,creditcard,4,2.8,nee,0
ORD-101443,K1086,Maastricht,NL,2025-06-25,Insuline pen,Koelketen,23,42.04,20.0,773.54,vooruitbetaling,6,5.8,nee,0
ORD-100293,K1038,Groningen,NL,07-02-2025,Levothyroxine 50mcg,Rx,28,3.05,0.0,85.4,vooruitbetaling,4,2.1,nee,0
ORD-100488,K1137,Zwolle,NL,2025-05-05,Vitamine D3 25mcg,OTC,44,7.46,10.0,295.42,factuur,4,2.2,nee,0
ORD-100472,K1013,Zwolle,NL,05/05/25,Paracetamol 500mg,OTC,6,1.84,,9.38,vooruitbetaling,4,2.2,nee,0
ORD-100103,K1081,Zwolle,NL,07/11/25,Salbutamol inhalator,Rx,33,17.74,0.0,585.42,creditcard,4,3.3,nee,0
ORD-100319,K1038,utrecht,NL,2025-05-21,Vitamine D3 25mcg,OTC,46,7.39,0.0,339.94,vooruitbetaling,4,1.0,nee,0
ORD-100355,K1054,Eindhoven,NL,30/09/25,Paracetamol 500mg,OTC,12,1.79,20.0,17.18,creditcard,4,1.0,nee,0
ORD-101154,K1116,A'dam,NL,30-04-2025,Amoxicilline 250mg,Rx,11,6.79,5.0,70.96,factuur,4,1.9,nee,0
ORD-100563,K1000,Groningen,NL,2025-11-10,Ibuprofen 400mg,OTC,53,2.5,0.0,132.5,factuur,4,6.6,ja,1
ORD-102058,K1097,Rotterdam,NL,2025-01-17,Salbutamol inhalator,Rx,62,18.48,10.0,1031.18,factuur,4,2.6,nee,0
ORD-101793,K1069,Amsterdam,NL,22-10-2025,Metformine 850mg,Rx,14,4.11,0.0,103.88,vooruitbetaling,4,1.3,nee,0
ORD-101721,K1123,Gent,BEL,20-02-2025,Paracetamol 500mg,OTC,54,1.79,0.0,96.66,factuur,4,1.8,nee,0
ORD-100866,K1043,Maastricht,NL,24-04-2025,Vitamine D3 25mcg,OTC,22,7.35,5.0,153.61,factuur,4,3.2,nee,0
ORD-102241,K1054,Groningen,NL,30-09-2025,Vitamine D3 25mcg,OTC,43,7.37,0.0,316.91,incasso,4,3.4,nee,0
ORD-100058,K1116,Maastricht,NL,2025-02-14,Vitamine D3 25mcg,OTC,91,7.46,0.0,678.86,vooruitbetaling,4,3.3,nee,0
ORD-100719,K1072,Antwerpen,BEL,13/08/25,Ibuprofen 400mg,OTC,15,2.33,10.0,31.46,vooruitbetaling,4,,nee,0
ORD-101665,K1122,'s-Gravenhage,NL,11/01/25,Vitamine D3 25mcg,OTC,38,7.1,0.0,269.8,incasso,4,4.6,nee,1
ORD-100439,K1088,antwerpen,Belgie,06-10-2025,Amoxicilline 250mg,Rx,31,6.77,15.0,178.39,factuur,4,3.5,nee,0
ORD-101516,K1053,Utrceht,NL,29/09/25,Paracetamol 500mg,OTC,66,1.86,,110.48,creditcard,4,3.0,nee,0
ORD-102311,K1160,Rotterdam,NL,07/02/25,Omeprazol 20mg,Rx,13,5.01,20.0,52.1,incasso,4,3.5,nee,0
ORD-101818,K1044,Utrecht,NL,29/06/25,Omeprazol 20mg,Rx,75,5.05,15.0,321.94,factuur,4,3.3,nee,0
ORD-100724,K1042,Utrecht,NL,16/04/25,Ibuprofen 400mg,OTC,15,2.31,0.0,34.65,vooruitbetaling,4,1.3,nee,0
ORD-101074,K1073,Utrceht,NL,01/06/25,Paracetamol 500mg,OTC,10,1.81,0.0,18.1,factuur,4,3.7,nee,0
ORD-101548,K1033,Eindhoven,NL,2025-07-15,Salbutamol inhalator,Rx,8,19.41,10.0,139.75,vooruitbetaling,4,4.6,ja,1
ORD-100602,K1068,Anvers,BEL,05/08/25,Levothyroxine 50mcg,Rx,52,3.14,10.0,146.95,vooruitbetaling,4,2.6,nee,0
ORD-100407,K1074,Amsterdam ,NL,26/07/25,Salbutamol inhalator,Rx,29,18.46,15.0,455.04,factuur,4,2.2,nee,0
ORD-102204,K1037,,NL,2025-03-22,Simvastatine 40mg,Rx,25,3.93,0.0,98.25,vooruitbetaling,4,1.6,nee,0
ORD-101623,K1174,Groningen,NL,2025-07-06,Insuline pen,Koelketen,123,42.02,0.0,5168.46,vooruitbetaling,6,6.2,ja,1
ORD-100378,K1051,amsterdam,NL,2025-01-13,Levothyroxine 50mcg,Rx,13,3.2,5.0,39.52,creditcard,4,1.7,nee,0
ORD-101110,K1179,Utrceht,NL,2025-08-14,Vitamine D3 25mcg,OTC,17,7.37,0.0,125.29,factuur,4,1.0,nee,0
ORD-100082,K1020,Den Haag,NL,23/06/25,Paracetamol 500mg,OTC,10,1.86,,17.67,vooruitbetaling,4,3.1,ja,0
ORD-101014,K1111,Zwolle,NL,2025-06-29,Ibuprofen 400mg,OTC,13,2.36,0.0,30.68,vooruitbetaling,4,4.2,ja,1
ORD-100028,K1133,Groningen,NL,22-09-2025,Omeprazol 20mg,Rx,45,4.92,5.0,210.33,vooruitbetaling,4,4.9,ja,1
ORD-101161,K1116,Utrecht,NL,17/07/25,Paracetamol 500mg,OTC,6,1.82,10.0,9.83,incasso,4,3.1,nee,0
ORD-100652,K1090,,NL,2025-09-17,Metformine 850mg,Rx,9,3.97,,32.16,vooruitbetaling,4,1.7,nee,0
ORD-101499,K1095,Eindhoven,NL,19-09-2025,Simvastatine 40mg,Rx,3,4.06,10.0,10.96,vooruitbetaling,4,4.4,ja,1
ORD-100611,K1157,Maastricht,NL,25-05-2025,Levothyroxine 50mcg,Rx,48,3.19,15.0,130.15,incasso,4,3.6,nee,0
ORD-101521,K1078,A'dam,NL,26/10/25,Metformine 850mg,Rx,40,4.35,20.0,139.2,incasso,4,4.4,ja,1
ORD-101360,K1095,Groningen,NL,2025-09-15,Simvastatine 40mg,Rx,155,3.99,5.0,587.53,creditcard,4,6.0,ja,1
ORD-102054,K1145,Utrceht,NL,26-01-2025,Omeprazol 20mg,Rx,49,4.82,0.0,236.18,incasso,4,2.6,nee,0
ORD-100671,K1053,Maastricht,NL,2025-01-29,Ibuprofen 400mg,OTC,13,2.36,0.0,30.68,,4,2.1,nee,0
ORD-101508,K1069,Utrceht,NL,01-07-2025,Vitamine D3 25mcg,OTC,64,7.55,5.0,459.04,,4,4.1,ja,1
ORD-101234,K1100,'s-Gravenhage,NL,2025-08-28,Salbutamol inhalator,Rx,10,18.28,10.0,164.52,vooruitbetaling,4,1.8,ja,0
ORD-101209,K1060,A'dam,NL,08-09-2025,Simvastatine 40mg,Rx,15,3.89,,46.68,creditcard,4,3.3,nee,0
ORD-101037,K1110,antwerpen,Belgie,31/07/25,Vitamine D3 25mcg,OTC,22,7.42,5.0,155.08,creditcard,4,1.0,nee,0
ORD-100362,K1125,utrecht,NL,03/11/25,Simvastatine 40mg,Rx,23,3.97,,86.74,incasso,4,,nee,0
ORD-101105,K1110,Maastricht,NL,2025-08-24,Simvastatine 40mg,Rx,37,3.96,,117.22,incasso,4,4.3,ja,1
ORD-100486,K1021,Eindhoven,NL,15/02/25,Ibuprofen 400mg,OTC,28,2.39,0.0,66.92,creditcard,4,1.3,nee,0
ORD-100586,K1088,Den Haag,NL,20/10/25,Levothyroxine 50mcg,Rx,24,3.08,5.0,70.22,factuur,4,4.1,ja,1
ORD-100510,K1133,Anvers,Belgie,13-11-2025,Omeprazol 20mg,Rx,12,5.03,0.0,60.36,creditcard,4,3.1,nee,0
ORD-101213,K1166,amsterdam,NL,13/08/25,Paracetamol 500mg,OTC,72,1.87,20.0,107.71,vooruitbetaling,4,2.3,nee,0
ORD-101841,K1142,Utrecht ,NL,13/09/25,Amoxicilline 250mg,Rx,12,6.88,0.0,82.56,incasso,4,2.2,nee,0
ORD-101502,K1089,Zwolle,NL,2025-06-05,Paracetamol 500mg,OTC,19,1.84,,27.97,creditcard,4,1.0,nee,0
ORD-101119,K1044,,NL,2025-06-30,Simvastatine 40mg,Rx,57,3.76,5.0,203.6,vooruitbetaling,4,2.6,nee,0
ORD-100561,K1061,Anvers,BEL,19-04-2025,Vitamine D3 25mcg,OTC,93,7.16,5.0,632.59,creditcard,4,5.0,nee,1
ORD-101659,K1011,'s-Gravenhage,NL,17/05/25,Omeprazol 20mg,Rx,31,5.14,5.0,151.37,factuur,4,2.7,nee,0
ORD-100250,K1062,Den  Haag,NL,16/11/25,Metformine 850mg,Rx,19,4.23,,80.37,factuur,4,3.3,nee,0
ORD-101244,K1101,Maastricht,NL,31-01-2025,Levothyroxine 50mcg,Rx,28,3.2,0.0,89.6,creditcard,4,5.1,ja,1
ORD-102171,K1163,Utrceht,NL,30/06/25,Paracetamol 500mg,OTC,78,1.93,15.0,127.96,creditcard,4,1.4,nee,0
ORD-101459,K1060,'s-Gravenhage,NL,2025-11-12,Levothyroxine 50mcg,Rx,12,3.0,,36.0,creditcard,4,2.1,nee,0
ORD-100590,K1058,Maastricht,NL,2025-03-14,Simvastatine 40mg,Rx,99,3.71,5.0,464.58,,4,2.7,nee,0
ORD-101604,K1129,Anvers,BE,02/07/25,Levothyroxine 50mcg,Rx,48,2.97,0.0,142.56,incasso,4,3.3,nee,0
ORD-101682,K1055,Rotterdam,NL,02/06/25,Simvastatine 40mg,Rx,14,4.0,15.0,47.6,factuur,4,2.9,nee,0
ORD-100160,K1149,A'dam,NL,2025-08-07,Simvastatine 40mg,Rx,16,3.66,,49.78,factuur,4,1.0,nee,0
ORD-100373,K1047,Rotterdam,NL,2025-05-21,Simvastatine 40mg,Rx,60,3.97,0.0,238.2,incasso,4,3.5,nee,0
ORD-101979,K1048,Rotterdam,NL,2025-06-22,Ibuprofen 400mg,OTC,68,2.46,20.0,133.82,vooruitbetaling,4,1.6,nee,0
ORD-101167,K1109,Rotterdam,NL,14-11-2025,Insuline pen,Koelketen,9,41.9,20.0,301.68,creditcard,6,1.9,nee,0
ORD-100888,K1057,Eindhoven,NL,2025-09-03,Amoxicilline 250mg,Rx,35,6.36,0.0,222.6,factuur,4,2.0,nee,0
ORD-100458,K1119,A'dam,NL,27-08-2025,Salbutamol inhalator,Rx,31,19.24,0.0,596.44,factuur,4,2.1,nee,0
ORD-100081,K1057,'s-Gravenhage,NL,2025-10-24,Insuline pen,Koelketen,15,41.78,0.0,626.7,factuur,6,3.7,nee,0
ORD-102387,K1157,den haag,NL,22-06-2025,Salbutamol inhalator,Rx,16,18.53,5.0,281.66,incasso,4,5.4,ja,1
ORD-100898,K1019,,BEL,27-02-2025,Salbutamol inhalator,Rx,22,19.8,5.0,784.51,vooruitbetaling,4,2.3,nee,0
ORD-100910,K1141,Eindhoven,NL,26-07-2025,Paracetamol 500mg,OTC,4,1.92,5.0,7.3,creditcard,4,4.6,ja,1
ORD-101637,K1090,Maastricht,NL,11-11-2025,Ibuprofen 400mg,OTC,6,2.36,10.0,12.74,incasso,4,2.9,nee,0
ORD-102316,K1044,Eindhoven,NL,2025-05-11,Metformine 850mg,Rx,57,4.25,5.0,230.14,creditcard,4,2.5,nee,0
ORD-100856,K1078,utrecht,NL,2025-11-20,Omeprazol 20mg,Rx,6,5.03,10.0,27.16,vooruitbetaling,4,1.0,nee,0
ORD-102201,K1117,Eindhoven,NL,04-11-2025,Simvastatine 40mg,Rx,15,4.05,0.0,60.75,vooruitbetaling,4,,nee,0
ORD-102318,K1005,Utrecht,NL,14/11/25,Metformine 850mg,Rx,26,4.34,10.0,101.56,vooruitbetaling,4,2.8,nee,0
ORD-101699,K1165,Utrecht ,NL,19/10/25,Levothyroxine 50mcg,Rx,30,3.22,15.0,82.11,vooruitbetaling,4,3.5,nee,0
ORD-101457,K1021,antwerpen,BE,01/06/25,Amoxicilline 250mg,Rx,10,6.87,,61.83,vooruitbetaling,4,2.7,nee,0
ORD-101795,K1160,Anvers,BEL,2025-05-30,Vitamine D3 25mcg,OTC,29,7.28,0.0,211.12,,4,3.5,nee,0
ORD-101179,K1101,A'dam,NL,03-05-2025,Ibuprofen 400mg,OTC,18,2.43,0.0,43.74,factuur,4,3.1,nee,0
ORD-101780,K1095,Zwolle,NL,14/09/25,Simvastatine 40mg,Rx,35,3.84,10.0,120.96,creditcard,4,3.0,nee,0
ORD-101288,K1062,Gent,BE,2025-10-28,Amoxicilline 250mg,Rx,11,6.52,10.0,64.55,incasso,4,1.0,nee,0
ORD-100529,K1044,A'dam,NL,15-07-2025,Vitamine D3 25mcg,OTC,5,7.25,15.0,30.81,factuur,4,3.3,nee,0
ORD-100646,K1078,Gent,Belgie,14-01-2025,Simvastatine 40mg,Rx,179,4.02,5.0,683.6,creditcard,4,3.5,nee,0
ORD-100891,K1004,Utrecht,NL,2025-10-04,Simvastatine 40mg,Rx,53,3.76,15.0,169.39,factuur,4,1.3,nee,0
ORD-101567,K1069,utrecht,NL,04/07/25,Levothyroxine 50mcg,Rx,71,2.94,5.0,198.3,creditcard,4,6.0,ja,1
ORD-101909,K1087,Maastricht,NL,02-06-2025,Ibuprofen 400mg,OTC,7,2.31,5.0,15.36,creditcard,4,2.7,nee,0
ORD-102000,K1144,Den  Haag,NL,2025-08-03,Omeprazol 20mg,Rx,32,5.24,10.0,150.91,incasso,4,5.1,nee,1
ORD-100112,K1021,Eindhoven,NL,23-10-2025,Omeprazol 20mg,Rx,74,4.96,,330.34,vooruitbetaling,4,2.3,nee,0
ORD-100215,K1054,Eindhoven,NL,16/07/25,Salbutamol inhalator,Rx,20,18.24,0.0,364.8,vooruitbetaling,4,2.3,nee,0
ORD-102379,K1175,Eindhoven,NL,22/09/25,Metformine 850mg,Rx,51,3.97,0.0,202.47,incasso,4,2.5,nee,0
ORD-101153,K1025,Den  Haag,NL,25-04-2025,Ibuprofen 400mg,OTC,9,2.43,20.0,17.5,creditcard,4,2.4,nee,0
ORD-100915,K1071,utrecht,NL,2025-06-14,Levothyroxine 50mcg,Rx,22,2.97,20.0,52.27,incasso,4,3.3,nee,0
ORD-102239,K1168,Den  Haag,NL,16-08-2025,Salbutamol inhalator,Rx,25,18.59,,418.28,creditcard,4,2.1,nee,0
ORD-100347,K1038,Zwolle,NL,16-08-2025,Omeprazol 20mg,Rx,11,4.92,5.0,51.41,vooruitbetaling,4,4.2,nee,1
ORD-100317,K1175,Maastricht,NL,2025-04-04,Levothyroxine 50mcg,Rx,9,3.14,20.0,22.61,factuur,4,3.2,nee,0
ORD-100597,K1029,Anvers,BE,2025-10-22,Vitamine D3 25mcg,OTC,10,7.23,5.0,68.68,creditcard,4,3.3,nee,0
ORD-101053,K1021,den haag,NL,2025-01-27,Paracetamol 500mg,OTC,21,1.86,20.0,31.25,creditcard,4,1.9,nee,0
ORD-101115,K1153,Gent,BEL,07-06-2025,Salbutamol inhalator,Rx,5,18.67,20.0,74.68,incasso,4,4.5,ja,1
ORD-101365,K1127,Utrceht,NL,29/09/25,Omeprazol 20mg,Rx,3,5.27,10.0,14.23,,4,2.8,nee,0
ORD-101497,K1031,Gent,BEL,16/06/25,Simvastatine 40mg,Rx,27,3.92,15.0,89.96,factuur,4,2.5,nee,0
ORD-100903,K1080,Amsterdam ,NL,25-02-2025,Omeprazol 20mg,Rx,45,5.11,20.0,183.96,factuur,4,1.9,nee,0
ORD-101035,K1062,Maastricht,NL,25-07-2025,Ibuprofen 400mg,OTC,13,2.44,,31.72,factuur,4,1.5,nee,0
ORD-100890,K1093,Den Haag,NL,18/08/25,Metformine 850mg,Rx,64,4.06,5.0,246.85,vooruitbetaling,4,4.0,nee,1
ORD-101734,K1043,Utrecht ,NL,29/11/25,Simvastatine 40mg,Rx,23,3.87,0.0,89.01,vooruitbetaling,4,3.2,nee,0
ORD-100946,K1071,Amsterdam,NL,2025-01-25,Metformine 850mg,Rx,16,4.2,10.0,60.48,creditcard,4,3.1,nee,0
ORD-100318,K1175,Gent,Belgie,13-08-2025,Amoxicilline 250mg,Rx,88,7.08,5.0,591.89,vooruitbetaling,4,3.6,nee,0
ORD-100083,K1131,antwerpen,BEL,08/07/25,Simvastatine 40mg,Rx,51,3.97,10.0,182.22,creditcard,4,3.6,nee,0
ORD-101431,K1104,A'dam,NL,17-09-2025,Amoxicilline 250mg,Rx,11,6.59,,72.49,factuur,4,2.8,nee,0
ORD-101057,K1009,A'dam,NL,10-05-2025,Simvastatine 40mg,Rx,14,4.22,20.0,47.26,incasso,4,4.9,ja,1
ORD-101962,K1018,Anvers,BE,02-06-2025,Vitamine D3 25mcg,OTC,24,7.14,10.0,154.22,incasso,4,2.4,nee,0
ORD-102183,K1102,Utrceht,NL,2025-01-06,Omeprazol 20mg,Rx,40,4.98,0.0,199.2,incasso,4,4.1,nee,1
ORD-100204,K1140,Amsterdam,NL,14-09-2025,Salbutamol inhalator,Rx,23,19.12,10.0,395.78,creditcard,4,3.8,nee,0
ORD-101553,K1039,Groningen,NL,06/05/25,Salbutamol inhalator,Rx,5,17.92,10.0,80.64,incasso,4,2.2,nee,0
ORD-101610,K1083,amsterdam,NL,2025-03-01,Ibuprofen 400mg,OTC,80,2.41,20.0,154.24,factuur,4,1.1,nee,0
ORD-102094,K1115,Den Haag,NL,14/06/25,Levothyroxine 50mcg,Rx,29,3.16,0.0,91.64,factuur,4,4.4,ja,1
ORD-102049,K1179,Amsterdam ,NL,10/01/25,Vitamine D3 25mcg,OTC,79,7.57,10.0,538.23,vooruitbetaling,4,3.1,nee,0
ORD-101850,K1125,utrecht,NL,27/09/25,Paracetamol 500mg,OTC,58,1.9,10.0,99.18,creditcard,4,3.4,nee,0
ORD-100357,K1141,Maastricht,NL,23-11-2025,Salbutamol inhalator,Rx,61,17.85,5.0,1034.41,factuur,4,3.8,nee,0
ORD-101387,K1099,'s-Gravenhage,NL,10-02-2025,Amoxicilline 250mg,Rx,18,6.53,,117.54,vooruitbetaling,4,2.4,nee,0
ORD-101109,K1013,Zwolle,NL,31-08-2025,Ibuprofen 400mg,OTC,62,2.46,5.0,144.89,factuur,4,4.6,ja,1
ORD-100654,K1072,Groningen,NL,2025-03-22,Levothyroxine 50mcg,Rx,13,3.09,10.0,36.15,creditcard,4,2.3,nee,0
ORD-102181,K1166,Eindhoven,NL,13/09/25,Insuline pen,Koelketen,14,42.11,,589.54,factuur,6,4.1,nee,0
ORD-101930,K1164,Anvers,Belgie,2025-05-19,Ibuprofen 400mg,OTC,123,2.35,,231.24,incasso,4,2.0,nee,0
ORD-100341,K1017,Amsterdam ,NL,07/09/25,Levothyroxine 50mcg,Rx,47,3.16,10.0,133.67,factuur,4,3.1,nee,0
ORD-102122,K1117,Zwolle,NL,2025-09-12,Vitamine D3 25mcg,OTC,26,7.46,0.0,193.96,creditcard,4,3.6,nee,0
ORD-101015,K1016,rotterdam,NL,14/10/25,Paracetamol 500mg,OTC,15,1.83,10.0,24.7,vooruitbetaling,4,2.6,nee,0
ORD-101928,K1031,Den Haag,NL,2025-08-09,Levothyroxine 50mcg,Rx,272,3.13,5.0,808.79,incasso,4,5.7,ja,1
ORD-101413,K1033,Utrceht,NL,01/12/25,Levothyroxine 50mcg,Rx,12,3.15,0.0,37.8,factuur,4,2.6,nee,0
ORD-100995,K1027,Gent,BE,2025-05-06,Amoxicilline 250mg,Rx,32,6.79,10.0,195.55,vooruitbetaling,4,2.6,nee,0
ORD-100948,K1128,Utrecht,NL,30-01-2025,Ibuprofen 400mg,OTC,5,2.35,0.0,11.75,creditcard,4,,nee,0
ORD-102016,K1097,Eindhoven,NL,02-02-2025,Insuline pen,Koelketen,5,42.38,0.0,211.9,,6,4.3,nee,0
ORD-100073,K1123,Anvers,BEL,29/03/25,Paracetamol 500mg,OTC,40,1.8,10.0,64.8,vooruitbetaling,4,4.4,nee,1
ORD-101177,K1102,Groningen,NL,10-10-2025,Vitamine D3 25mcg,OTC,137,7.69,5.0,1000.85,creditcard,4,3.4,nee,0
ORD-102272,K1157,Amsterdam,NL,28-05-2025,Levothyroxine 50mcg,Rx,25,2.9,5.0,68.88,vooruitbetaling,4,1.8,nee,0
ORD-101212,K1113,Groningen,NL,2025-10-04,Vitamine D3 25mcg,OTC,96,7.0,0.0,672.0,factuur,4,2.8,nee,0
ORD-101020,K1029,Rotterdam,NL,28-04-2025,Ibuprofen 400mg,OTC,4,2.37,0.0,9.48,creditcard,4,2.9,nee,0
ORD-102247,K1173,Anvers,BEL,2025-08-13,Vitamine D3 25mcg,OTC,10,6.94,,55.52,factuur,4,3.4,nee,0
ORD-100481,K1158,Anvers,Belgie,28-06-2025,Paracetamol 500mg,OTC,60,1.87,20.0,89.76,vooruitbetaling,4,4.8,ja,1
ORD-100208,K1037,Gent,BE,2025-10-16,Simvastatine 40mg,Rx,30,3.98,5.0,113.43,incasso,4,1.7,nee,0
ORD-100209,K1141,rotterdam,NL,2025-10-04,Salbutamol inhalator,Rx,47,18.84,5.0,841.21,factuur,4,2.7,nee,0
ORD-101409,K1134,Gent,BEL,2025-07-05,Simvastatine 40mg,Rx,39,3.98,0.0,155.22,incasso,4,2.3,nee,0
ORD-100515,K1119,Anvers,Belgie,28/10/25,Paracetamol 500mg,OTC,10,1.8,10.0,23.93,creditcard,4,1.0,nee,0
ORD-100792,K1108,Eindhoven,NL,2025-09-14,Paracetamol 500mg,OTC,28,1.82,20.0,40.77,vooruitbetaling,4,3.3,nee,0
ORD-102113,K1143,Maastricht,NL,30-03-2025,Paracetamol 500mg,OTC,28,1.9,15.0,45.22,vooruitbetaling,4,3.3,nee,0
ORD-101495,K1096,Groningen,NL,01-07-2025,Amoxicilline 250mg,Rx,123,6.94,5.0,810.94,factuur,4,5.7,ja,1
ORD-100065,K1128,Gent,Belgie,2025-11-27,Omeprazol 20mg,Rx,88,5.06,10.0,400.75,factuur,4,2.7,nee,0
ORD-101844,K1090,Eindhoven,NL,08-10-2025,Insuline pen,Koelketen,12,41.76,5.0,476.06,incasso,6,3.3,nee,0
ORD-100976,K1000,Maastricht,NL,11-08-2025,Paracetamol 500mg,OTC,2,1.87,20.0,2.99,vooruitbetaling,4,2.0,nee,0
ORD-101998,K1140,Rotterdam,NL,19/04/25,Paracetamol 500mg,OTC,47,1.9,10.0,80.37,factuur,4,1.2,nee,0
ORD-100287,K1093,amsterdam,NL,25-05-2025,Amoxicilline 250mg,Rx,51,7.03,5.0,340.6,,4,3.0,nee,0
ORD-100730,K1124,amsterdam,NL,20/01/25,Paracetamol 500mg,OTC,21,1.79,0.0,37.59,vooruitbetaling,4,3.0,nee,0
ORD-101921,K1120,Zwolle,NL,25/03/25,Paracetamol 500mg,OTC,50,1.77,10.0,79.65,vooruitbetaling,4,2.6,nee,0
ORD-100198,K1118,Eindhoven,NL,22/10/25,Metformine 850mg,Rx,5,4.04,0.0,20.2,incasso,4,2.1,nee,0
ORD-100393,K1177,Rotterdam,NL,19-02-2025,Levothyroxine 50mcg,Rx,48,3.02,0.0,144.96,vooruitbetaling,4,3.1,nee,0
ORD-101171,K1108,Den Haag,NL,16-02-2025,Omeprazol 20mg,Rx,32,4.9,5.0,148.96,,4,3.2,nee,0
ORD-101665,K1122,'s-Gravenhage,NL,11/01/25,Vitamine D3 25mcg,OTC,38,7.1,0.0,269.8,incasso,4,4.6,nee,1
ORD-100533,K1093,Rotterdam,NL,30/10/25,Metformine 850mg,Rx,44,4.19,20.0,147.49,vooruitbetaling,4,2.7,nee,0
ORD-101065,K1080,Utrceht,NL,14/06/25,Vitamine D3 25mcg,OTC,9,7.06,10.0,57.19,vooruitbetaling,4,4.0,nee,0
ORD-101977,K1165,Rotterdam,NL,24/09/25,Omeprazol 20mg,Rx,12,4.78,0.0,57.36,incasso,4,2.9,nee,0
ORD-101901,K1112,Eindhoven,NL,19-05-2025,Vitamine D3 25mcg,OTC,18,7.68,10.0,124.42,vooruitbetaling,4,1.8,nee,0
ORD-102133,K1073,utrecht,NL,2025-10-02,Ibuprofen 400mg,OTC,24,2.34,0.0,56.16,creditcard,4,2.7,nee,0
ORD-100895,K1138,Rotterdam,NL,16/03/25,Salbutamol inhalator,Rx,66,17.74,5.0,1112.3,vooruitbetaling,4,4.4,nee,1
ORD-100030,K1000,Utrecht ,NL,2025-10-08,Simvastatine 40mg,Rx,75,3.84,15.0,244.8,factuur,4,2.9,nee,0
ORD-101133,K1152,Eindhoven,NL,28-04-2025,Simvastatine 40mg,Rx,24,4.05,15.0,82.62,incasso,4,1.9,nee,0
ORD-101203,K1101,Rotterdam,NL,10-01-2025,Insuline pen,Koelketen,2,42.93,10.0,77.27,factuur,6,2.5,nee,0
ORD-102170,K1017,UTRECHT,NL,14/10/25,Vitamine D3 25mcg,OTC,9,7.58,0.0,68.22,,4,4.4,ja,1
ORD-101809,K1144,Den Haag,NL,2025-10-16,Salbutamol inhalator,Rx,7,17.44,,122.08,creditcard,4,1.5,nee,0
ORD-101206,K1177,Groningen,NL,01-08-2025,Omeprazol 20mg,Rx,13,5.01,20.0,52.1,factuur,4,3.4,nee,0
ORD-102085,K1134,Rotterdam,NL,2025-01-26,Omeprazol 20mg,Rx,32,5.05,15.0,137.36,vooruitbetaling,4,3.1,nee,0
ORD-100471,K1092,Groningen,NL,12-05-2025,Paracetamol 500mg,OTC,3,1.85,10.0,5.0,vooruitbetaling,4,2.3,nee,0
ORD-100097,K1149,Utrecht ,NL,13-07-2025,Amoxicilline 250mg,Rx,15,6.39,,95.85,factuur,4,3.5,nee,0
ORD-101781,K1013,Amsterdam,NL,07/10/25,Vitamine D3 25mcg,OTC,3,7.18,0.0,21.54,factuur,4,1.0,nee,0
ORD-102323,K1015,Utrecht,NL,27/10/25,Vitamine D3 25mcg,OTC,17,7.73,10.0,118.27,factuur,4,3.3,nee,0
ORD-101046,K1129,Rotterdam,NL,03-10-2025,Amoxicilline 250mg,Rx,15,6.73,0.0,100.95,incasso,4,2.5,nee,0
ORD-101111,K1015,Groningen,NL,17/11/25,Paracetamol 500mg,OTC,15,1.86,0.0,27.9,creditcard,4,4.5,ja,1
ORD-100749,K1135,Gent,BEL,30-03-2025,Salbutamol inhalator,Rx,114,19.22,0.0,2191.08,incasso,4,5.0,nee,1
ORD-101280,K1164,Utrecht ,NL,2025-11-05,Vitamine D3 25mcg,OTC,77,7.25,10.0,502.42,creditcard,4,,nee,0
ORD-101621,K1109,Eindhoven,NL,21-10-2025,Levothyroxine 50mcg,Rx,4,3.11,10.0,11.2,creditcard,4,1.6,nee,0
ORD-101824,K1055,Amsterdam,NL,02/11/25,Insuline pen,Koelketen,3,42.73,10.0,115.37,creditcard,6,5.3,nee,0
ORD-100377,K1138,,NL,20/01/25,Simvastatine 40mg,Rx,13,3.95,5.0,48.78,creditcard,4,3.5,nee,0
ORD-101828,K1179,Zwolle,NL,27/11/25,Levothyroxine 50mcg,Rx,11,3.07,0.0,33.77,incasso,4,2.0,nee,0
ORD-102173,K1028,utrecht,NL,07/04/25,Ibuprofen 400mg,OTC,21,2.48,10.0,46.87,factuur,4,1.1,nee,0
ORD-101131,K1166,Zwolle,NL,25-06-2025,Ibuprofen 400mg,OTC,20,2.33,0.0,46.6,incasso,4,2.8,nee,0
ORD-101382,K1029,'s-Gravenhage,NL,09-05-2025,Levothyroxine 50mcg,Rx,30,3.16,10.0,85.32,,4,5.2,nee,1
ORD-101727,K1074,Den  Haag,NL,04-11-2025,Amoxicilline 250mg,Rx,5,6.75,0.0,33.75,factuur,4,1.2,nee,0
ORD-101978,K1032,Rotterdam,NL,20-04-2025,Paracetamol 500mg,OTC,13,1.84,0.0,23.92,incasso,4,3.1,nee,0
ORD-100902,K1019,Maastricht,NL,31/03/25,Levothyroxine 50mcg,Rx,3,3.1,5.0,8.84,vooruitbetaling,4,2.5,nee,0
ORD-101424,K1093,antwerpen,BE,2025-10-15,Paracetamol 500mg,OTC,37,1.87,0.0,69.19,vooruitbetaling,4,3.9,nee,0
ORD-100414,K1140,Utrceht,NL,29-06-2025,Metformine 850mg,Rx,28,4.35,10.0,109.62,incasso,4,1.2,nee,0
ORD-100031,K1034,utrecht,NL,18-11-2025,Metformine 850mg,Rx,10,4.11,0.0,41.1,creditcard,4,3.5,nee,0
ORD-100232,K1031,UTRECHT,NL,2025-03-04,Levothyroxine 50mcg,Rx,47,3.1,0.0,145.7,incasso,4,3.6,nee,0
ORD-100768,K1001,rotterdam,NL,2025-01-31,Paracetamol 500mg,OTC,18,1.78,20.0,25.63,creditcard,4,3.6,nee,0
ORD-100240,K1079,utrecht,NL,2025-05-19,Paracetamol 500mg,OTC,47,1.87,,83.5,creditcard,4,1.5,nee,0
ORD-102188,K1100,Utrecht ,NL,2025-08-19,Simvastatine 40mg,Rx,5,4.06,15.0,17.25,creditcard,4,3.2,nee,0
ORD-101658,K1060,Antwerpen,BE,17/03/25,Omeprazol 20mg,Rx,21,5.11,5.0,101.94,creditcard,4,1.0,nee,0
ORD-101231,K1156,Antwerpen,Belgie,20/06/25,Simvastatine 40mg,Rx,37,4.0,0.0,148.0,factuur,4,4.2,ja,1
ORD-100770,K1175,Rotterdam,NL,11-06-2025,Simvastatine 40mg,Rx,39,4.03,0.0,157.17,vooruitbetaling,4,3.0,nee,0
ORD-101533,K1162,rotterdam,NL,2025-06-26,Simvastatine 40mg,Rx,12,3.77,10.0,40.72,vooruitbetaling,4,2.2,nee,0
ORD-100791,K1154,Amsterdam,NL,08-08-2025,Ibuprofen 400mg,OTC,11,2.37,10.0,23.46,vooruitbetaling,4,3.4,nee,0
ORD-100686,K1115,Groningen,NL,09-09-2025,Paracetamol 500mg,OTC,13,1.88,5.0,23.22,factuur,4,1.0,nee,0
ORD-100980,K1044,Zwolle,NL,13-07-2025,Ibuprofen 400mg,OTC,57,2.42,15.0,117.25,factuur,4,,nee,0
ORD-100764,K1051,Eindhoven,NL,28-02-2025,Vitamine D3 25mcg,OTC,9,7.06,,63.54,creditcard,4,4.0,nee,0
ORD-101474,K1140,Amsterdam,NL,15-09-2025,Amoxicilline 250mg,Rx,25,7.17,10.0,161.33,creditcard,4,1.2,nee,0
ORD-101808,K1138,Utrecht,NL,2025-02-21,Paracetamol 500mg,OTC,72,1.86,5.0,127.22,vooruitbetaling,4,5.0,nee,1
ORD-101367,K1076,Anvers,BEL,2025-03-29,Insuline pen,Koelketen,12,41.86,5.0,477.2,creditcard,6,3.8,nee,0
ORD-102288,K1151,Maastricht,NL,2025-04-17,Ibuprofen 400mg,OTC,18,2.38,0.0,42.84,vooruitbetaling,4,3.1,nee,0
ORD-100057,K1019,Utrceht,NL,2025-02-02,Vitamine D3 25mcg,OTC,50,7.28,5.0,345.8,factuur,4,3.7,nee,0
ORD-100263,K1117,Eindhoven,NL,2025-09-10,Paracetamol 500mg,OTC,10,1.88,20.0,15.04,incasso,4,3.5,nee,0
ORD-101650,K1052,Rotterdam,NL,2025-04-29,Metformine 850mg,Rx,60,3.97,10.0,214.38,vooruitbetaling,4,1.0,nee,0
ORD-100685,K1073,rotterdam,NL,02-07-2025,Levothyroxine 50mcg,Rx,10,2.98,5.0,28.31,incasso,4,1.0,nee,0
ORD-100779,K1022,Rotterdam,NL,2025-02-12,Metformine 850mg,Rx,29,4.31,20.0,99.99,vooruitbetaling,4,2.3,nee,0
ORD-102192,K1087,Zwolle,NL,20/05/25,Levothyroxine 50mcg,Rx,58,3.11,15.0,153.32,vooruitbetaling,4,1.4,ja,0
ORD-101440,K1154,amsterdam,NL,15-02-2025,Omeprazol 20mg,Rx,13,5.43,0.0,70.59,incasso,4,1.3,nee,0
ORD-101313,K1176,Gent,BEL,2025-10-12,Ibuprofen 400mg,OTC,17,2.41,,40.97,vooruitbetaling,4,3.2,nee,0
ORD-100892,K1036,Groningen,NL,2025-01-29,Levothyroxine 50mcg,Rx,18,3.07,0.0,55.26,creditcard,4,1.9,nee,0
ORD-100562,K1052,Rotterdam,NL,05-09-2025,Paracetamol 500mg,OTC,52,1.79,,93.08,incasso,4,3.0,nee,0
ORD-100649,K1147,Groningen,NL,2025-07-27,Salbutamol inhalator,Rx,3,18.06,10.0,48.76,factuur,4,3.8,nee,0
ORD-100016,K1002,rotterdam,NL,04/05/25,Amoxicilline 250mg,Rx,8,6.7,5.0,50.92,incasso,4,1.0,nee,0
ORD-102349,K1121,Maastricht,NL,2025-05-11,Amoxicilline 250mg,Rx,37,6.67,5.0,234.45,creditcard,4,2.0,nee,0
ORD-101735,K1095,Utrecht ,NL,2025-09-22,Amoxicilline 250mg,Rx,27,6.71,10.0,163.05,vooruitbetaling,4,2.4,nee,0
ORD-101971,K1076,Utrecht,NL,25-01-2025,Amoxicilline 250mg,Rx,21,6.77,5.0,135.06,incasso,4,4.0,nee,0
ORD-102022,K1154,UTRECHT,NL,16-07-2025,Vitamine D3 25mcg,OTC,38,7.09,5.0,255.95,vooruitbetaling,4,1.0,nee,0
ORD-101085,K1051,Gent,BE,21-06-2025,Levothyroxine 50mcg,Rx,25,3.18,5.0,75.52,creditcard,4,3.6,nee,0
ORD-102193,K1023,utrecht,NL,2025-10-07,Metformine 850mg,Rx,12,4.28,0.0,51.36,vooruitbetaling,4,1.1,nee,0
ORD-101703,K1096,Utrceht,NL,19/03/25,Amoxicilline 250mg,Rx,8,6.78,10.0,48.82,incasso,4,2.5,nee,0
ORD-102174,K1034,Rotterdam,NL,2025-08-24,Levothyroxine 50mcg,Rx,32,3.03,,92.11,incasso,4,4.1,ja,1
ORD-101974,K1162,Amsterdam,NL,05/08/25,Metformine 850mg,Rx,9,4.28,20.0,30.82,vooruitbetaling,4,1.8,nee,0
ORD-102222,K1139,Utrecht ,NL,05/04/25,Simvastatine 40mg,Rx,14,3.89,0.0,54.46,incasso,4,1.3,nee,0
ORD-101127,K1058,Groningen,NL,28-08-2025,Vitamine D3 25mcg,OTC,15,7.22,0.0,108.3,incasso,4,2.6,nee,0
ORD-101545,K1128,'s-Gravenhage,NL,26/01/25,Vitamine D3 25mcg,OTC,29,7.02,5.0,193.4,vooruitbetaling,4,3.7,nee,0
ORD-101897,K1011,Groningen,NL,07-05-2025,Salbutamol inhalator,Rx,31,19.11,,592.41,factuur,4,1.0,nee,0
ORD-101790,K1154,Groningen,NL,09/03/25,Salbutamol inhalator,Rx,19,18.65,5.0,336.63,vooruitbetaling,4,3.1,nee,0
ORD-100059,K1027,Amsterdam,NL,2025-01-24,Ibuprofen 400mg,OTC,29,2.31,5.0,63.64,incasso,4,2.0,nee,0
ORD-102296,K1073,Rotterdam,NL,2025-09-23,Insuline pen,Koelketen,12,41.49,20.0,398.3,vooruitbetaling,6,2.9,nee,0
ORD-100170,K1012,Den Haag,NL,23/10/25,Insuline pen,Koelketen,9,40.84,0.0,367.56,incasso,6,4.0,nee,0
ORD-101778,K1003,Amsterdam ,NL,08/08/25,Omeprazol 20mg,Rx,12,5.1,0.0,61.2,creditcard,4,4.1,nee,1
ORD-101182,K1155,Eindhoven,NL,21-01-2025,Paracetamol 500mg,OTC,11,1.82,10.0,18.02,factuur,4,2.3,nee,0
ORD-100027,K1097,Maastricht,NL,15-10-2025,Ibuprofen 400mg,OTC,20,2.4,,40.8,vooruitbetaling,4,1.6,nee,0
ORD-101094,K1168,UTRECHT,NL,24/09/25,Simvastatine 40mg,Rx,6,4.05,0.0,24.3,vooruitbetaling,4,2.3,nee,0
ORD-102014,K1135,Den Haag,NL,2025-08-24,Ibuprofen 400mg,OTC,75,2.4,10.0,162.0,incasso,4,4.3,nee,1
ORD-100596,K1054,antwerpen,Belgie,27/01/25,Amoxicilline 250mg,Rx,74,6.77,10.0,450.88,incasso,4,1.0,nee,0
ORD-101639,K1032,Utrecht,NL,17-09-2025,Amoxicilline 250mg,Rx,2,6.78,10.0,12.2,factuur,4,2.0,nee,0
ORD-100264,K1143,Utrecht ,NL,10/05/25,Amoxicilline 250mg,Rx,50,7.45,20.0,298.0,incasso,4,3.1,nee,0
ORD-102130,K1074,Eindhoven,NL,17-11-2025,Amoxicilline 250mg,Rx,109,6.88,5.0,712.42,creditcard,4,4.6,ja,1
ORD-102010,K1163,amsterdam,NL,2025-05-12,Insuline pen,Koelketen,22,43.46,15.0,812.7,incasso,6,3.9,ja,0
ORD-101040,K1143,Groningen,NL,2025-04-21,Paracetamol 500mg,OTC,61,1.9,10.0,104.31,factuur,4,2.7,nee,0
ORD-100638,K1073,Amsterdam,NL,05-11-2025,Metformine 850mg,Rx,21,4.37,15.0,78.0,creditcard,4,1.2,nee,0
ORD-101082,K1051,rotterdam,NL,2025-08-02,Paracetamol 500mg,OTC,80,1.9,5.0,144.4,incasso,4,4.6,nee,1
ORD-102305,K1035,'s-Gravenhage,NL,02-05-2025,Omeprazol 20mg,Rx,8,5.31,5.0,40.36,factuur,4,2.5,nee,0
ORD-100876,K1047,Groningen,NL,22/07/25,Vitamine D3 25mcg,OTC,63,7.28,0.0,458.64,incasso,4,1.5,nee,0
ORD-101784,K1078,Groningen,NL,23-05-2025,Ibuprofen 400mg,OTC,8,2.45,,17.64,creditcard,4,2.6,nee,0
ORD-102062,K1097,rotterdam,NL,16/08/25,Simvastatine 40mg,Rx,5,4.02,0.0,20.1,vooruitbetaling,4,3.9,nee,0
ORD-101791,K1071,utrecht,NL,01/02/25,Amoxicilline 250mg,Rx,56,6.81,10.0,343.22,incasso,4,3.9,nee,0
ORD-100289,K1026,Gent,BE,11-02-2025,Omeprazol 20mg,Rx,13,5.14,5.0,63.48,vooruitbetaling,4,1.0,nee,0
ORD-102345,K1163,rotterdam,NL,27/01/25,Salbutamol inhalator,Rx,16,18.05,10.0,259.92,factuur,4,1.9,nee,0
ORD-101038,K1171,Gent,BEL,17/11/25,Metformine 850mg,Rx,7,4.18,0.0,29.26,vooruitbetaling,4,1.0,nee,0
ORD-100408,K1099,Rotterdam,NL,01-05-2025,Simvastatine 40mg,Rx,21,3.93,0.0,82.53,incasso,4,2.3,nee,0
ORD-101011,K1172,Maastricht,NL,04-06-2025,Vitamine D3 25mcg,OTC,13,7.1,15.0,78.46,,4,2.2,nee,0
ORD-100680,K1147,Maastricht,NL,2025-10-22,Salbutamol inhalator,Rx,8,18.5,10.0,133.2,incasso,4,1.0,nee,0
ORD-100322,K1160,Eindhoven,NL,2025-11-30,Ibuprofen 400mg,OTC,24,2.53,0.0,60.72,factuur,4,5.3,nee,1
ORD-100637,K1102,Utrecht ,NL,08-08-2025,Omeprazol 20mg,Rx,11,5.07,5.0,52.98,factuur,4,2.6,nee,0
ORD-102117,K1007,amsterdam,NL,05/06/25,Levothyroxine 50mcg,Rx,23,3.14,0.0,72.22,incasso,4,2.2,nee,0
ORD-101605,K1060,Utrecht,NL,11-04-2025,Vitamine D3 25mcg,OTC,28,7.32,15.0,174.22,creditcard,4,3.7,nee,0
ORD-100131,K1085,Den  Haag,NL,2025-09-01,Simvastatine 40mg,Rx,42,3.97,10.0,150.07,incasso,4,1.4,nee,0
ORD-102006,K1153,UTRECHT,NL,12/08/25,Paracetamol 500mg,OTC,21,1.82,0.0,38.22,incasso,4,1.7,nee,0
ORD-100634,K1048,Maastricht,NL,10/11/25,Vitamine D3 25mcg,OTC,39,7.44,,290.16,vooruitbetaling,4,2.9,nee,0
ORD-100210,K1042,Antwerpen,Belgie,21/01/25,Salbutamol inhalator,Rx,7,18.18,0.0,127.26,factuur,4,2.7,nee,0
ORD-102075,K1068,Den  Haag,NL,06/11/25,Simvastatine 40mg,Rx,26,3.91,10.0,91.49,vooruitbetaling,4,2.2,nee,0
ORD-100746,K1073,Amsterdam ,NL,23/03/25,Metformine 850mg,Rx,53,4.24,15.0,191.01,incasso,4,2.8,nee,0
ORD-102112,K1001,Utrceht,NL,2025-02-04,Salbutamol inhalator,Rx,15,19.1,10.0,257.85,creditcard,4,2.5,nee,0
ORD-101242,K1062,A'dam,NL,30-05-2025,Paracetamol 500mg,OTC,220,1.77,15.0,330.99,factuur,4,3.7,nee,0
ORD-101150,K1089,,NL,01-05-2025,Metformine 850mg,Rx,9,4.35,0.0,39.15,,4,3.3,nee,0
ORD-100600,K1048,Rotterdam,NL,24/04/25,Levothyroxine 50mcg,Rx,7,3.12,5.0,20.75,creditcard,4,1.0,nee,0
ORD-100991,K1046,rotterdam,NL,09-06-2025,Simvastatine 40mg,Rx,24,4.16,0.0,99.84,incasso,4,3.0,nee,0
ORD-100581,K1079,Zwolle,NL,03/10/25,Levothyroxine 50mcg,Rx,14,2.94,10.0,37.04,,4,3.2,nee,0
ORD-100332,K1071,Rotterdam,NL,23-08-2025,Levothyroxine 50mcg,Rx,38,3.11,20.0,94.54,incasso,4,3.9,nee,0
ORD-102321,K1149,UTRECHT,NL,05-09-2025,Amoxicilline 250mg,Rx,19,6.7,,114.57,incasso,4,3.3,nee,0
ORD-100248,K1029,Gent,Belgie,2025-07-16,Vitamine D3 25mcg,OTC,75,7.23,0.0,542.25,creditcard,4,3.6,nee,0
ORD-101195,K1076,Gent,BE,2025-04-01,Salbutamol inhalator,Rx,44,19.04,10.0,753.98,factuur,4,3.2,nee,0
ORD-101483,K1142,antwerpen,BEL,13-04-2025,Levothyroxine 50mcg,Rx,5,3.18,10.0,14.31,vooruitbetaling,4,3.4,nee,0
ORD-101602,K1099,Amsterdam,NL,22-10-2025,Salbutamol inhalator,Rx,13,18.64,5.0,230.2,factuur,4,1.0,nee,0
ORD-101993,K1082,Utrecht,NL,29-10-2025,Metformine 850mg,Rx,32,4.22,0.0,135.04,creditcard,4,2.1,nee,0
ORD-100404,K1083,Eindhoven,NL,23/08/25,Metformine 850mg,Rx,24,4.03,5.0,91.88,incasso,4,1.0,nee,0
ORD-101736,K1179,Eindhoven,NL,2025-01-15,Insuline pen,Koelketen,79,39.33,5.0,2951.72,vooruitbetaling,6,4.8,nee,0
ORD-100959,K1066,Zwolle,NL,14/03/25,Vitamine D3 25mcg,OTC,16,7.62,5.0,115.82,creditcard,4,3.5,nee,0
ORD-102119,K1153,utrecht,NL,27/09/25,Metformine 850mg,Rx,34,4.08,0.0,138.72,creditcard,4,1.8,nee,0
ORD-101218,K1167,Amsterdam,NL,16/09/25,Simvastatine 40mg,Rx,10,3.88,,31.04,factuur,4,2.8,nee,0
ORD-102160,K1048,Amsterdam,NL,2025-09-17,Paracetamol 500mg,OTC,10,1.9,5.0,18.05,creditcard,4,3.0,nee,0
ORD-102205,K1092,Rotterdam,NL,2025-06-30,Paracetamol 500mg,OTC,46,1.74,10.0,72.04,creditcard,4,2.9,nee,0
ORD-101008,K1172,Zwolle,NL,09-05-2025,Paracetamol 500mg,OTC,98,1.74,0.0,170.52,vooruitbetaling,4,5.1,nee,1
ORD-102256,K1079,Gent,BE,17/09/25,Simvastatine 40mg,Rx,70,4.07,10.0,256.41,factuur,4,,nee,0
ORD-102031,K1167,Maastricht,NL,10/02/25,Ibuprofen 400mg,OTC,13,2.39,0.0,31.07,factuur,4,2.2,nee,0
ORD-102258,K1156,Zwolle,NL,2025-04-19,Simvastatine 40mg,Rx,5,3.93,10.0,17.69,creditcard,4,3.6,nee,0
ORD-100124,K1020,Utrceht,NL,2025-03-24,Amoxicilline 250mg,Rx,20,7.1,10.0,127.8,factuur,4,2.8,nee,0
ORD-101707,K1176,Groningen,NL,01-08-2025,Levothyroxine 50mcg,Rx,62,3.13,5.0,184.36,,4,4.4,ja,1
ORD-102389,K1128,rotterdam,NL,01-05-2025,Ibuprofen 400mg,OTC,15,2.3,10.0,31.05,incasso,4,1.3,nee,0
ORD-101141,K1125,Utrceht,NL,14-02-2025,Vitamine D3 25mcg,OTC,61,7.43,20.0,362.58,creditcard,4,2.2,nee,0
ORD-100175,K1030,Rotterdam,NL,09-01-2025,Metformine 850mg,Rx,14,4.25,10.0,53.55,incasso,4,1.9,nee,0
ORD-100511,K1031,Gent,BEL,22/09/25,Salbutamol inhalator,Rx,18,18.3,,329.4,creditcard,4,3.6,nee,0
ORD-100006,K1004,amsterdam,NL,17/10/25,Metformine 850mg,Rx,28,4.11,0.0,115.08,incasso,4,4.2,ja,1
ORD-100374,K1046,Amsterdam,NL,20/09/25,Paracetamol 500mg,OTC,6,1.9,10.0,10.26,factuur,4,3.3,nee,0
ORD-101683,K1045,Amsterdam ,NL,13/06/25,Vitamine D3 25mcg,OTC,3,7.09,0.0,21.27,factuur,4,4.7,nee,1
ORD-100011,K1087,'s-Gravenhage,NL,17-05-2025,Paracetamol 500mg,OTC,48,1.79,0.0,85.92,vooruitbetaling,4,4.0,nee,1
ORD-101418,K1001,Gent,BEL,11-02-2025,Metformine 850mg,Rx,33,4.12,15.0,115.57,creditcard,4,2.5,nee,0
ORD-101437,K1156,Eindhoven,NL,11-08-2025,Paracetamol 500mg,OTC,15,1.88,0.0,28.2,vooruitbetaling,4,1.3,nee,0
ORD-100920,K1165,Eindhoven,NL,2025-04-19,Metformine 850mg,Rx,11,4.17,0.0,45.87,incasso,4,4.7,ja,1
ORD-101293,K1115,Eindhoven,NL,10-06-2025,Paracetamol 500mg,OTC,6,1.84,0.0,11.04,vooruitbetaling,4,2.7,nee,0
ORD-100379,K1005,rotterdam,NL,2025-08-01,Omeprazol 20mg,Rx,17,5.07,5.0,81.88,,4,3.4,nee,0
ORD-101043,K1022,Rotterdam,NL,16-10-2025,Vitamine D3 25mcg,OTC,16,7.41,10.0,106.7,vooruitbetaling,4,2.1,nee,0
ORD-101091,K1134,Zwolle,NL,04/02/25,Metformine 850mg,Rx,12,4.2,5.0,47.88,creditcard,4,2.7,nee,0
ORD-100838,K1177,Gent,Belgie,23/02/25,Amoxicilline 250mg,Rx,19,6.72,0.0,127.68,vooruitbetaling,4,2.7,nee,0
ORD-101489,K1055,amsterdam,NL,07-07-2025,Amoxicilline 250mg,Rx,4,6.54,5.0,24.85,factuur,4,1.4,nee,0
ORD-102186,K1029,amsterdam,NL,03-11-2025,Metformine 850mg,Rx,10,4.21,0.0,42.1,factuur,4,1.8,nee,0
ORD-100630,K1149,Amsterdam,NL,27/06/25,Simvastatine 40mg,Rx,47,4.13,0.0,194.11,incasso,4,4.6,nee,1
ORD-101755,K1150,Eindhoven,NL,20-09-2025,Salbutamol inhalator,Rx,5,19.26,0.0,96.3,factuur,4,1.5,nee,0
ORD-100517,K1047,Amsterdam,NL,11-03-2025,Ibuprofen 400mg,OTC,64,2.51,0.0,160.64,incasso,4,2.4,nee,0
ORD-101123,K1001,Gent,BEL,19/06/25,Paracetamol 500mg,OTC,73,1.85,5.0,128.3,vooruitbetaling,4,1.8,nee,0
ORD-101047,K1076,Gent,BEL,26/02/25,Simvastatine 40mg,Rx,24,3.95,10.0,85.32,vooruitbetaling,4,1.3,nee,0
ORD-100239,K1082,Rotterdam,NL,2025-02-17,Salbutamol inhalator,Rx,151,17.91,15.0,2298.75,incasso,4,3.6,nee,0
ORD-100972,K1123,Zwolle,NL,2025-02-15,Paracetamol 500mg,OTC,55,1.84,10.0,91.08,creditcard,4,3.9,nee,0
ORD-100147,K1030,Eindhoven,NL,14/01/25,Vitamine D3 25mcg,OTC,36,7.53,,243.97,incasso,4,2.6,ja,0
ORD-101571,K1033,Zwolle,NL,19/06/25,Omeprazol 20mg,Rx,15,5.08,0.0,76.2,factuur,4,4.1,ja,1
ORD-101538,K1003,Den Haag,NL,16/02/25,Ibuprofen 400mg,OTC,78,2.43,0.0,189.54,incasso,4,2.9,nee,0
ORD-100815,K1002,Antwerpen,BE,20-11-2025,Paracetamol 500mg,OTC,9,1.92,10.0,15.55,incasso,4,1.5,nee,0
ORD-102150,K1112,Utrecht,NL,01/11/25,Omeprazol 20mg,Rx,36,5.36,20.0,154.37,vooruitbetaling,4,3.7,nee,0
ORD-100554,K1074,Eindhoven,NL,25/09/25,Levothyroxine 50mcg,Rx,12,2.98,10.0,32.18,vooruitbetaling,4,1.8,nee,0
ORD-101410,K1084,Utrecht,NL,28-01-2025,Levothyroxine 50mcg,Rx,18,2.92,10.0,47.3,incasso,4,1.8,nee,0
ORD-101903,K1027,Rotterdam,NL,28-03-2025,Insuline pen,Koelketen,50,42.7,,1921.5,creditcard,6,5.7,nee,0
ORD-102169,K1043,rotterdam,NL,17-04-2025,Metformine 850mg,Rx,28,4.38,0.0,122.64,creditcard,4,1.0,nee,0
ORD-100085,K1159,Zwolle,NL,2025-05-11,Paracetamol 500mg,OTC,15,1.87,0.0,28.05,incasso,4,2.1,nee,0
ORD-101399,K1034,Den  Haag,NL,2025-11-07,Paracetamol 500mg,OTC,7,1.82,15.0,10.83,vooruitbetaling,4,2.1,nee,0
ORD-101451,K1055,Utrceht,NL,2025-04-23,Insuline pen,Koelketen,200,41.37,5.0,7860.3,factuur,6,5.5,nee,0
ORD-102385,K1036,Amsterdam ,NL,2025-02-14,Amoxicilline 250mg,Rx,18,7.0,0.0,126.0,vooruitbetaling,4,4.3,ja,1
ORD-100999,K1071,Den Haag,NL,12/05/25,Paracetamol 500mg,OTC,11,1.85,15.0,17.3,factuur,4,3.9,nee,0
ORD-100168,K1036,,BEL,27-03-2025,Vitamine D3 25mcg,OTC,16,7.35,0.0,117.6,creditcard,4,2.8,nee,0
ORD-100973,K1057,Den  Haag,NL,2025-03-05,Paracetamol 500mg,OTC,32,1.91,0.0,61.12,factuur,4,1.0,nee,0
ORD-101132,K1051,Amsterdam,NL,29-10-2025,Ibuprofen 400mg,OTC,11,2.3,,24.03,vooruitbetaling,4,1.9,nee,0
ORD-100202,K1108,Den  Haag,NL,06/05/25,Amoxicilline 250mg,Rx,9,6.76,0.0,60.84,incasso,4,1.0,nee,0
ORD-101725,K1178,Maastricht,NL,21/05/25,Salbutamol inhalator,Rx,28,18.76,5.0,499.02,factuur,4,1.6,nee,0
ORD-100997,K1086,A'dam,NL,29/10/25,Vitamine D3 25mcg,OTC,84,7.12,5.0,568.18,incasso,4,1.4,nee,0
ORD-100147,K1030,Eindhoven,NL,14/01/25,Vitamine D3 25mcg,OTC,36,7.53,,243.97,incasso,4,2.6,ja,0
ORD-100034,K1071,Eindhoven,NL,08-08-2025,Ibuprofen 400mg,OTC,20,2.36,10.0,42.48,incasso,4,3.2,nee,0
ORD-100164,K1148,Rotterdam,NL,12/09/25,Insuline pen,Koelketen,55,42.95,10.0,2126.02,factuur,6,3.4,nee,0
ORD-100069,K1016,den haag,NL,02/11/25,Metformine 850mg,Rx,21,4.05,5.0,80.8,creditcard,4,3.5,nee,0
ORD-102163,K1095,Zwolle,NL,27/06/25,Ibuprofen 400mg,OTC,54,2.42,20.0,104.54,creditcard,4,4.3,ja,1
ORD-101323,K1087,Utrceht,NL,24/08/25,Metformine 850mg,Rx,14,4.27,10.0,53.8,incasso,4,3.6,nee,0
ORD-102077,K1129,utrecht,NL,23-07-2025,Ibuprofen 400mg,OTC,31,2.52,0.0,78.12,incasso,4,3.6,nee,0
ORD-101456,K1044,Groningen,NL,20-05-2025,Paracetamol 500mg,OTC,10,1.84,5.0,17.48,factuur,4,2.3,nee,0
ORD-101669,K1136,Den  Haag,NL,2025-11-26,Simvastatine 40mg,Rx,30,4.03,0.0,120.9,creditcard,4,1.0,nee,0
ORD-101036,K1170,UTRECHT,NL,23-06-2025,Paracetamol 500mg,OTC,14,1.87,15.0,22.25,factuur,4,4.8,nee,1
ORD-102123,K1168,amsterdam,NL,12/09/25,Paracetamol 500mg,OTC,25,1.86,5.0,44.18,factuur,4,2.4,nee,0
ORD-100617,K1095,utrecht,NL,05/02/25,Levothyroxine 50mcg,Rx,92,2.87,5.0,250.84,creditcard,4,2.1,nee,0
ORD-101290,K1092,Maastricht,NL,06-02-2025,Simvastatine 40mg,Rx,142,4.04,20.0,458.94,incasso,4,3.2,nee,0
ORD-100310,K1136,Zwolle,NL,2025-07-14,Vitamine D3 25mcg,OTC,20,7.53,5.0,143.07,incasso,4,2.9,nee,0
ORD-100823,K1020,Utrecht ,NL,2025-09-27,Omeprazol 20mg,Rx,6,5.01,0.0,30.06,creditcard,4,2.6,nee,0
ORD-100890,K1093,Den Haag,NL,18/08/25,Metformine 850mg,Rx,64,4.06,5.0,246.85,vooruitbetaling,4,4.0,nee,1
ORD-100584,K1110,Maastricht,NL,16-06-2025,Ibuprofen 400mg,OTC,17,2.4,5.0,38.76,creditcard,4,2.0,nee,0
ORD-101120,K1114,Amsterdam ,NL,2025-11-04,Ibuprofen 400mg,OTC,36,2.44,10.0,79.06,factuur,4,2.6,nee,0
ORD-101256,K1149,Utrceht,NL,2025-08-26,Simvastatine 40mg,Rx,68,3.97,20.0,215.97,creditcard,4,1.3,nee,0
ORD-100591,K1007,rotterdam,NL,16/11/25,Vitamine D3 25mcg,OTC,42,7.13,,299.46,incasso,4,1.8,nee,0
ORD-100061,K1084,,NL,2025-10-25,Levothyroxine 50mcg,Rx,2,3.1,,5.89,incasso,4,,nee,0
ORD-100389,K1024,rotterdam,NL,18-06-2025,Ibuprofen 400mg,OTC,29,2.41,15.0,59.41,creditcard,4,2.7,nee,0
ORD-101740,K1025,den haag,NL,10/01/25,Ibuprofen 400mg,OTC,11,2.41,0.0,26.51,creditcard,4,1.3,nee,0
ORD-100492,K1174,A'dam,NL,2025-02-16,Levothyroxine 50mcg,Rx,17,3.1,10.0,47.43,vooruitbetaling,4,4.0,nee,0
ORD-101117,K1162,Amsterdam,NL,03/10/25,Levothyroxine 50mcg,Rx,14,3.14,10.0,39.56,incasso,4,1.9,nee,0
ORD-101662,K1127,Utrecht ,NL,2025-08-25,Paracetamol 500mg,OTC,29,1.98,0.0,57.42,incasso,4,2.6,nee,0
ORD-100760,K1130,Groningen,NL,12/06/25,Ibuprofen 400mg,OTC,9,2.45,5.0,20.95,creditcard,4,3.3,nee,0
ORD-102147,K1109,Antwerpen,BE,13/02/25,Ibuprofen 400mg,OTC,100,2.54,10.0,228.6,creditcard,4,3.6,nee,0
ORD-100128,K1140,Zwolle,NL,2025-08-26,Amoxicilline 250mg,Rx,44,6.65,,292.6,,4,,ja,1
ORD-100933,K1006,Antwerpen,BE,24/03/25,Omeprazol 20mg,Rx,3,5.04,10.0,13.61,factuur,4,,nee,0
ORD-101627,K1143,utrecht,NL,22-04-2025,Ibuprofen 400mg,OTC,30,2.38,10.0,64.26,creditcard,4,1.2,nee,0
ORD-101630,K1093,Rotterdam,NL,26/08/25,Levothyroxine 50mcg,Rx,52,3.01,,156.52,incasso,4,1.5,nee,0
ORD-102229,K1102,Eindhoven,NL,01/12/25,Paracetamol 500mg,OTC,3,1.85,20.0,4.44,factuur,4,5.2,ja,1
ORD-100467,K1045,Gent,BEL,13/05/25,Salbutamol inhalator,Rx,3,17.77,0.0,53.31,incasso,4,1.9,nee,0
ORD-101550,K1105,Amsterdam ,NL,23/05/25,Simvastatine 40mg,Rx,55,4.28,0.0,235.4,creditcard,4,1.8,nee,0
ORD-101819,K1058,'s-Gravenhage,NL,09/05/25,Salbutamol inhalator,Rx,27,19.07,5.0,489.15,creditcard,4,3.5,nee,0
ORD-101175,K1031,Amsterdam,NL,19-03-2025,Paracetamol 500mg,OTC,72,1.85,0.0,133.2,incasso,4,,nee,0
ORD-100062,K1121,Maastricht,NL,12-11-2025,Insuline pen,Koelketen,24,41.98,20.0,806.02,incasso,6,4.4,nee,0
ORD-100154,K1073,Gent,Belgie,08-05-2025,Metformine 850mg,Rx,51,4.14,5.0,200.58,creditcard,4,2.6,nee,0
ORD-101544,K1024,Groningen,NL,2025-10-08,Salbutamol inhalator,Rx,37,19.39,15.0,492.59,creditcard,4,3.1,nee,0
ORD-102114,K1043,Den Haag,NL,2025-06-20,Ibuprofen 400mg,OTC,16,2.29,5.0,34.81,creditcard,4,5.3,nee,1
ORD-101301,K1164,Amsterdam,NL,2025-04-06,Insuline pen,Koelketen,24,41.52,0.0,996.48,vooruitbetaling,6,4.6,nee,0
ORD-101407,K1172,Utrecht ,NL,16/07/25,Metformine 850mg,Rx,92,4.19,10.0,346.93,creditcard,4,1.1,nee,0
ORD-101668,K1054,Antwerpen,BE,19-04-2025,Metformine 850mg,Rx,40,4.39,10.0,158.04,incasso,4,3.9,nee,0
ORD-101731,K1019,A'dam,NL,11/08/25,Insuline pen,Koelketen,14,41.72,10.0,525.67,creditcard,6,3.5,nee,0
ORD-101336,K1077,Utrecht,NL,25/03/25,Insuline pen,Koelketen,10,42.62,0.0,426.2,factuur,6,2.9,nee,0
ORD-102001,K1145,Rotterdam,NL,2025-10-10,Metformine 850mg,Rx,47,4.1,5.0,183.06,vooruitbetaling,4,3.3,nee,0
ORD-101107,K1140,A'dam,NL,2025-08-19,Simvastatine 40mg,Rx,24,3.91,0.0,150.6,creditcard,4,1.1,nee,0
ORD-101991,K1179,Gent,BEL,2025-11-16,Simvastatine 40mg,Rx,5,4.01,20.0,16.04,factuur,4,,nee,0
ORD-102180,K1154,A'dam,NL,2025-01-06,Levothyroxine 50mcg,Rx,15,3.09,10.0,41.72,vooruitbetaling,4,3.2,nee,0
ORD-102101,K1071,Eindhoven,NL,2025-04-14,Vitamine D3 25mcg,OTC,9,7.4,5.0,63.27,incasso,4,1.7,nee,0
ORD-100573,K1136,Utrecht,NL,08/02/25,Omeprazol 20mg,Rx,19,5.15,0.0,97.85,creditcard,4,3.8,nee,0
ORD-101145,K1139,Rotterdam,NL,2025-05-13,Amoxicilline 250mg,Rx,11,6.71,20.0,59.05,factuur,4,1.0,nee,0
ORD-100966,K1103,Rotterdam,NL,21-09-2025,Metformine 850mg,Rx,17,4.26,5.0,68.8,incasso,4,4.3,ja,1
ORD-100833,K1093,Groningen,NL,2025-05-23,Metformine 850mg,Rx,18,4.12,0.0,74.16,,4,3.7,nee,0
ORD-101267,K1093,Utrecht,NL,2025-11-01,Paracetamol 500mg,OTC,11,1.9,5.0,19.85,vooruitbetaling,4,,nee,0
ORD-101383,K1036,Eindhoven,NL,18/10/25,Paracetamol 500mg,OTC,20,1.9,10.0,34.2,incasso,4,2.7,nee,0
ORD-100157,K1016,Zwolle,NL,2025-02-09,Ibuprofen 400mg,OTC,10,2.45,10.0,22.05,factuur,4,4.8,ja,1
ORD-101465,K1013,Amsterdam,NL,19/02/25,Insuline pen,Koelketen,65,44.29,0.0,2878.85,factuur,6,5.2,nee,0
ORD-101767,K1151,A'dam,NL,01-10-2025,Ibuprofen 400mg,OTC,81,2.42,10.0,176.42,vooruitbetaling,4,2.6,nee,0
ORD-101390,K1121,Utrecht,NL,04-11-2025,Levothyroxine 50mcg,Rx,21,3.25,10.0,61.42,factuur,4,1.8,nee,0
ORD-101055,K1026,A'dam,NL,2025-11-05,Amoxicilline 250mg,Rx,19,6.84,0.0,129.96,factuur,4,2.9,nee,0
ORD-100298,K1179,UTRECHT,NL,24-08-2025,Paracetamol 500mg,OTC,48,1.88,15.0,76.7,creditcard,4,3.3,nee,0
ORD-100759,K1121,Rotterdam,NL,06/10/25,Vitamine D3 25mcg,OTC,10,7.16,0.0,71.6,incasso,4,2.6,nee,0
ORD-100020,K1070,Zwolle,NL,10/02/25,Levothyroxine 50mcg,Rx,14,3.25,15.0,38.67,creditcard,4,1.0,nee,0
ORD-102140,K1059,Amsterdam ,NL,02-07-2025,Vitamine D3 25mcg,OTC,35,7.51,10.0,236.56,,4,2.2,nee,0
ORD-101943,K1159,rotterdam,NL,09-09-2025,Salbutamol inhalator,Rx,58,18.49,0.0,1072.42,creditcard,4,3.6,nee,0
ORD-100199,K1041,Utrceht,NL,2025-02-04,Ibuprofen 400mg,OTC,47,2.32,,109.04,incasso,4,1.3,nee,0
ORD-101311,K1003,Amsterdam,NL,10/09/25,Omeprazol 20mg,Rx,6,4.9,20.0,23.52,factuur,4,1.6,nee,0
ORD-100140,K1061,Zwolle,NL,10/04/25,Levothyroxine 50mcg,Rx,14,2.99,0.0,41.86,creditcard,4,2.3,nee,0
ORD-100036,K1176,Den Haag,NL,04-07-2025,Omeprazol 20mg,Rx,9,5.19,10.0,42.04,factuur,4,1.4,nee,0
ORD-100304,K1121,'s-Gravenhage,NL,2025-05-01,Levothyroxine 50mcg,Rx,95,3.24,,261.63,vooruitbetaling,4,1.8,nee,0
ORD-100025,K1007,Zwolle,NL,2025-02-02,Vitamine D3 25mcg,OTC,16,7.33,15.0,99.69,incasso,4,2.4,nee,0
ORD-101400,K1037,utrecht,NL,10/01/25,Amoxicilline 250mg,Rx,12,6.88,0.0,82.56,incasso,4,2.1,nee,0
ORD-100018,K1171,'s-Gravenhage,NL,19/09/25,Ibuprofen 400mg,OTC,7,2.47,,17.29,,4,2.3,nee,0
ORD-100072,K1049,Zwolle,NL,29/07/25,Ibuprofen 400mg,OTC,14,2.5,,29.75,factuur,4,1.4,nee,0
ORD-100667,K1034,rotterdam,NL,2025-05-12,Metformine 850mg,Rx,37,4.26,5.0,149.74,incasso,4,1.2,nee,0
ORD-100046,K1174,rotterdam,NL,20-05-2025,Omeprazol 20mg,Rx,54,5.14,5.0,263.68,factuur,4,3.8,nee,0
ORD-100640,K1127,Eindhoven,NL,2025-03-29,Vitamine D3 25mcg,OTC,36,7.07,10.0,229.07,factuur,4,1.6,nee,0
ORD-100121,K1088,antwerpen,Belgie,2025-03-03,Levothyroxine 50mcg,Rx,8,3.16,0.0,25.28,incasso,4,2.5,nee,0
ORD-101463,K1039,Amsterdam ,NL,2025-10-23,Levothyroxine 50mcg,Rx,22,3.18,0.0,69.96,incasso,4,2.0,nee,0
ORD-101093,K1093,Utrecht,NL,2025-08-05,Levothyroxine 50mcg,Rx,8,3.27,10.0,23.54,vooruitbetaling,4,1.0,nee,0
ORD-101681,K1080,utrecht,NL,04/02/25,Ibuprofen 400mg,OTC,8,2.35,5.0,17.86,,4,,nee,0
ORD-100038,K1056,UTRECHT,NL,08/06/25,Paracetamol 500mg,OTC,3,1.84,0.0,5.52,incasso,4,3.2,nee,0
ORD-100522,K1166,Rotterdam,NL,10/11/25,Amoxicilline 250mg,Rx,65,6.89,15.0,380.67,,4,1.9,nee,0
ORD-100070,K1023,Den Haag,NL,13/08/25,Ibuprofen 400mg,OTC,30,2.31,15.0,58.9,vooruitbetaling,4,3.1,nee,0
ORD-102199,K1047,Amsterdam ,NL,26/06/25,Vitamine D3 25mcg,OTC,21,7.36,15.0,131.38,vooruitbetaling,4,3.7,nee,0
ORD-101170,K1018,Utrecht,NL,05-02-2025,Vitamine D3 25mcg,OTC,3,7.39,5.0,21.06,vooruitbetaling,4,1.6,nee,0
ORD-101905,K1098,den haag,NL,05/08/25,Salbutamol inhalator,Rx,5,18.84,5.0,89.49,creditcard,4,2.6,nee,0
ORD-100692,K1097,Eindhoven,NL,24-02-2025,Amoxicilline 250mg,Rx,20,6.64,10.0,119.52,creditcard,4,2.0,nee,0
ORD-102167,K1021,den haag,NL,2025-04-25,Levothyroxine 50mcg,Rx,38,3.09,10.0,105.68,creditcard,4,3.1,nee,0
ORD-102105,K1068,Rotterdam,NL,05/04/25,Paracetamol 500mg,OTC,18,1.88,20.0,27.07,creditcard,4,3.6,nee,0
ORD-100916,K1141,amsterdam,NL,17/08/25,Vitamine D3 25mcg,OTC,12,7.56,,90.72,vooruitbetaling,4,3.2,nee,0
ORD-101852,K1089,Maastricht,NL,04/10/25,Levothyroxine 50mcg,Rx,19,3.27,0.0,62.13,vooruitbetaling,4,2.3,nee,0
ORD-102307,K1038,Eindhoven,NL,2025-04-08,Vitamine D3 25mcg,OTC,14,7.19,,80.53,vooruitbetaling,4,3.1,nee,0
ORD-101136,K1165,amsterdam,NL,2025-05-20,Vitamine D3 25mcg,OTC,20,7.36,0.0,147.2,incasso,4,2.5,nee,0
ORD-101051,K1136,antwerpen,BEL,28/04/25,Omeprazol 20mg,Rx,16,5.0,20.0,64.0,factuur,4,1.0,nee,0
ORD-101462,K1078,Eindhoven,NL,08/01/25,Metformine 850mg,Rx,13,4.13,10.0,48.32,vooruitbetaling,4,,nee,0
ORD-100979,K1015,Den  Haag,NL,2025-07-17,Metformine 850mg,Rx,33,4.29,0.0,141.57,incasso,4,1.0,nee,0
ORD-101559,K1162,Eindhoven,NL,2025-03-31,Amoxicilline 250mg,Rx,26,6.94,15.0,153.37,vooruitbetaling,4,4.3,ja,1
ORD-101113,K1122,Maastricht,NL,05-04-2025,Salbutamol inhalator,Rx,34,18.72,20.0,509.18,creditcard,4,3.6,nee,0
ORD-101695,K1139,'s-Gravenhage,NL,21-09-2025,Vitamine D3 25mcg,OTC,17,7.1,20.0,96.56,creditcard,4,2.4,nee,0
ORD-101934,K1166,Utrecht,NL,13/10/25,Amoxicilline 250mg,Rx,4,7.22,10.0,25.99,incasso,4,1.0,ja,0
ORD-101312,K1011,A'dam,NL,06-10-2025,Levothyroxine 50mcg,Rx,11,3.06,5.0,31.98,incasso,4,2.0,nee,0
ORD-101392,K1107,antwerpen,Belgie,2025-03-24,Omeprazol 20mg,Rx,10,4.95,0.0,49.5,factuur,4,2.0,nee,0
ORD-102362,K1058,Eindhoven,NL,2025-10-29,Insuline pen,Koelketen,20,41.79,20.0,668.64,incasso,6,4.5,nee,0
ORD-100631,K1026,rotterdam,NL,16/11/25,Levothyroxine 50mcg,Rx,19,3.27,,62.13,factuur,4,,nee,0
ORD-101835,K1113,Maastricht,NL,12/11/25,Metformine 850mg,Rx,37,3.95,0.0,146.15,incasso,4,1.0,nee,0
ORD-100800,K1163,Gent,Belgie,2025-03-02,Levothyroxine 50mcg,Rx,10,3.12,0.0,31.2,factuur,4,3.1,nee,0
ORD-101285,K1071,'s-Gravenhage,NL,31/03/25,Insuline pen,Koelketen,10,42.25,0.0,422.5,vooruitbetaling,6,5.4,nee,0
ORD-101972,K1147,Groningen,NL,2025-05-29,Vitamine D3 25mcg,OTC,21,7.57,5.0,151.02,vooruitbetaling,4,2.3,nee,0
ORD-102283,K1178,,Belgie,2025-08-03,Amoxicilline 250mg,Rx,19,6.99,0.0,132.81,creditcard,4,2.0,nee,0
ORD-100222,K1178,Utrecht,NL,16-06-2025,Vitamine D3 25mcg,OTC,6,7.22,0.0,43.32,factuur,4,2.3,nee,0
ORD-101378,K1027,Utrecht ,NL,17/11/25,Levothyroxine 50mcg,Rx,51,3.08,5.0,149.23,factuur,4,3.0,nee,0
ORD-100243,K1159,Groningen,NL,25-06-2025,Metformine 850mg,Rx,23,4.33,10.0,89.63,factuur,4,3.8,nee,0
ORD-101643,K1089,Rotterdam,NL,24/09/25,Ibuprofen 400mg,OTC,17,2.44,5.0,39.41,creditcard,4,1.8,nee,0
ORD-102007,K1080,Zwolle,NL,06/08/25,Paracetamol 500mg,OTC,66,1.86,5.0,116.62,vooruitbetaling,4,4.0,nee,0
ORD-101506,K1090,Amsterdam,NL,2025-06-20,Ibuprofen 400mg,OTC,11,2.37,,26.07,factuur,4,1.2,nee,0
ORD-101454,K1146,Den Haag,NL,05/10/25,Omeprazol 20mg,Rx,50,5.28,10.0,237.6,incasso,4,4.9,ja,1
ORD-101772,K1052,Antwerpen,Belgie,11-02-2025,Simvastatine 40mg,Rx,55,4.11,20.0,180.84,factuur,4,2.2,nee,0
ORD-100040,K1118,utrecht,NL,2025-02-22,Simvastatine 40mg,Rx,15,3.83,,57.45,factuur,4,4.3,ja,1
ORD-101088,K1033,Rotterdam,NL,24-05-2025,Levothyroxine 50mcg,Rx,47,3.06,0.0,143.82,incasso,4,3.7,nee,0
ORD-102136,K1077,den haag,NL,2025-05-03,Insuline pen,Koelketen,24,41.07,20.0,788.54,creditcard,6,4.4,nee,0
ORD-100288,K1073,Rotterdam,NL,2025-09-24,Ibuprofen 400mg,OTC,19,2.34,15.0,37.79,vooruitbetaling,4,1.3,nee,0
ORD-100908,K1027,amsterdam,NL,14-06-2025,Salbutamol inhalator,Rx,44,18.66,5.0,779.99,vooruitbetaling,4,1.4,nee,0
ORD-101494,K1050,Anvers,Belgie,2025-08-10,Ibuprofen 400mg,OTC,120,2.46,10.0,265.68,vooruitbetaling,4,3.3,nee,0
ORD-101554,K1172,amsterdam,NL,07-11-2025,Ibuprofen 400mg,OTC,113,2.56,0.0,289.28,incasso,4,3.3,nee,0
ORD-102067,K1023,Gent,BE,19-03-2025,Levothyroxine 50mcg,Rx,6,2.9,0.0,17.4,incasso,4,1.8,nee,0
ORD-102377,K1122,den haag,NL,2025-08-02,Ibuprofen 400mg,OTC,72,2.34,10.0,151.63,,4,2.5,nee,0
ORD-100283,K1075,rotterdam,NL,16/10/25,Simvastatine 40mg,Rx,10,3.92,0.0,39.2,creditcard,4,2.6,nee,0
ORD-102151,K1040,A'dam,NL,2025-10-17,Vitamine D3 25mcg,OTC,29,7.78,5.0,214.34,factuur,4,4.2,nee,1
ORD-100588,K1044,Gent,Belgie,04-06-2025,Levothyroxine 50mcg,Rx,11,3.02,10.0,29.9,creditcard,4,1.8,nee,0
ORD-101511,K1168,Eindhoven,NL,28-03-2025,Salbutamol inhalator,Rx,21,18.99,5.0,378.85,incasso,4,1.6,nee,0
ORD-102370,K1079,Groningen,NL,2025-06-14,Insuline pen,Koelketen,31,41.29,20.0,1023.99,factuur,6,4.8,nee,0
ORD-101678,K1011,Antwerpen,Belgie,27/06/25,Amoxicilline 250mg,Rx,9,6.62,0.0,59.58,vooruitbetaling,4,1.8,nee,0
ORD-100610,K1076,Zwolle,NL,09-06-2025,Ibuprofen 400mg,OTC,8,2.46,5.0,18.7,creditcard,4,1.0,nee,0
ORD-101927,K1119,Groningen,NL,08-01-2025,Salbutamol inhalator,Rx,15,18.56,0.0,278.4,factuur,4,2.3,nee,0
ORD-100180,K1172,Eindhoven,NL,28/10/25,Salbutamol inhalator,Rx,15,18.14,0.0,272.1,creditcard,4,3.8,nee,0
ORD-100146,K1132,utrecht,NL,2025-04-18,Paracetamol 500mg,OTC,42,1.8,,75.6,vooruitbetaling,4,2.5,nee,0
ORD-101601,K1116,Utrecht,NL,2025-09-23,Salbutamol inhalator,Rx,16,18.95,10.0,272.88,incasso,4,2.2,nee,0
ORD-101882,K1153,Utrecht,NL,14/05/25,Levothyroxine 50mcg,Rx,22,3.03,15.0,56.66,factuur,4,2.9,nee,0
ORD-100413,K1074,Antwerpen,BEL,18/03/25,Simvastatine 40mg,Rx,46,3.91,0.0,179.86,factuur,4,1.4,nee,0
ORD-100765,K1062,A'dam,NL,28/11/25,Amoxicilline 250mg,Rx,9,6.8,20.0,48.96,factuur,4,3.4,nee,0
ORD-100606,K1080,'s-Gravenhage,NL,2025-06-21,Levothyroxine 50mcg,Rx,24,3.32,,79.68,vooruitbetaling,4,,nee,0
ORD-100425,K1156,Utrecht,NL,2025-07-03,Levothyroxine 50mcg,Rx,46,3.18,15.0,124.34,vooruitbetaling,4,4.4,nee,1
ORD-100485,K1059,A'dam,NL,2025-08-20,Omeprazol 20mg,Rx,31,4.94,0.0,153.14,factuur,4,4.6,ja,1
ORD-100172,K1177,Zwolle,NL,2025-07-24,Levothyroxine 50mcg,Rx,33,3.07,10.0,91.18,vooruitbetaling,4,3.4,nee,0
ORD-101204,K1169,A'dam,NL,23/02/25,Omeprazol 20mg,Rx,18,5.1,10.0,82.62,vooruitbetaling,4,2.2,nee,0
ORD-101363,K1169,Utrceht,NL,2025-08-19,Amoxicilline 250mg,Rx,8,6.68,10.0,48.1,creditcard,4,1.0,nee,0
ORD-101309,K1063,Rotterdam,NL,20-11-2025,Salbutamol inhalator,Rx,15,19.17,0.0,287.55,factuur,4,1.9,nee,0
ORD-101453,K1122,Anvers,BE,14-06-2025,Simvastatine 40mg,Rx,23,4.09,5.0,89.37,factuur,4,1.0,ja,0
ORD-101523,K1108,amsterdam,NL,30/07/25,Paracetamol 500mg,OTC,4,1.81,0.0,7.24,factuur,4,2.0,nee,0
ORD-100487,K1126,Groningen,NL,2025-09-21,Amoxicilline 250mg,Rx,53,6.8,0.0,360.4,incasso,4,2.6,nee,0
ORD-102095,K1034,Gent,Belgie,01/07/25,Salbutamol inhalator,Rx,37,19.14,20.0,566.54,incasso,4,1.0,nee,0
ORD-100642,K1082,Groningen,NL,06/02/25,Levothyroxine 50mcg,Rx,56,3.08,15.0,146.61,factuur,4,2.7,nee,0
ORD-100227,K1018,Utrecht ,NL,18/09/25,Simvastatine 40mg,Rx,9,4.03,10.0,32.64,incasso,4,4.0,nee,0
ORD-100575,K1004,A'dam,NL,18-07-2025,Paracetamol 500mg,OTC,26,1.81,5.0,44.71,factuur,4,2.6,nee,0
ORD-101096,K1062,Utrecht,NL,05-02-2025,Simvastatine 40mg,Rx,5,3.95,10.0,17.78,vooruitbetaling,4,1.1,nee,0
ORD-102162,K1119,UTRECHT,NL,2025-07-15,Omeprazol 20mg,Rx,106,5.31,0.0,562.86,incasso,4,2.9,nee,0
ORD-100203,K1119,antwerpen,BEL,25-10-2025,Levothyroxine 50mcg,Rx,22,2.88,20.0,50.69,incasso,4,4.3,ja,1
ORD-101528,K1141,Groningen,NL,14-04-2025,Insuline pen,Koelketen,17,41.71,0.0,709.07,creditcard,6,3.5,nee,0
ORD-100841,K1069,Amsterdam,NL,05/07/25,Ibuprofen 400mg,OTC,27,2.4,0.0,64.8,vooruitbetaling,4,3.5,nee,0
ORD-102294,K1099,Amsterdam,NL,18/07/25,Vitamine D3 25mcg,OTC,18,7.33,20.0,34.61,incasso,4,2.6,nee,0
ORD-101867,K1000,Rotterdam,NL,2025-08-13,Ibuprofen 400mg,OTC,13,2.3,,29.9,vooruitbetaling,4,2.0,nee,0
ORD-101211,K1121,rotterdam,NL,2025-11-04,Simvastatine 40mg,Rx,20,3.97,20.0,63.52,,4,2.0,nee,0
ORD-100640,K1127,Eindhoven,NL,2025-03-29,Vitamine D3 25mcg,OTC,36,7.07,10.0,229.07,factuur,4,1.6,nee,0
ORD-100499,K1047,Rotterdam,NL,15/02/25,Vitamine D3 25mcg,OTC,40,7.34,15.0,249.56,vooruitbetaling,4,4.6,ja,1
ORD-101007,K1070,Eindhoven,NL,2025-01-09,Vitamine D3 25mcg,OTC,73,7.16,0.0,522.68,vooruitbetaling,4,3.6,nee,0
ORD-101493,K1055,Rotterdam,NL,2025-05-14,Insuline pen,Koelketen,45,42.8,5.0,1829.7,incasso,6,3.5,nee,0
ORD-100713,K1110,Rotterdam,NL,05-09-2025,Simvastatine 40mg,Rx,28,3.73,0.0,104.44,factuur,4,2.9,nee,0
ORD-102043,K1103,Utrecht ,NL,30-04-2025,Paracetamol 500mg,OTC,20,1.82,10.0,32.76,vooruitbetaling,4,1.4,nee,0
ORD-101572,K1017,utrecht,NL,2025-10-19,Ibuprofen 400mg,OTC,22,2.33,15.0,43.57,vooruitbetaling,4,4.0,ja,1
ORD-101422,K1142,UTRECHT,NL,2025-09-26,Salbutamol inhalator,Rx,64,18.15,15.0,987.36,creditcard,4,4.6,ja,1
ORD-102055,K1033,Utrecht ,NL,05-04-2025,Ibuprofen 400mg,OTC,22,2.46,0.0,54.12,,4,3.9,nee,0
ORD-102019,K1113,Groningen,NL,02/03/25,Paracetamol 500mg,OTC,94,1.77,20.0,133.1,incasso,4,3.8,nee,0
ORD-100371,K1077,Zwolle,NL,06-09-2025,Ibuprofen 400mg,OTC,31,2.45,20.0,60.76,factuur,4,3.3,nee,0
ORD-101042,K1171,Utrecht,NL,2025-04-10,Omeprazol 20mg,Rx,37,5.24,5.0,184.19,vooruitbetaling,4,1.7,nee,0
ORD-100409,K1104,amsterdam,NL,2025-07-29,Vitamine D3 25mcg,OTC,8,7.36,0.0,58.88,incasso,4,3.0,nee,0
ORD-100550,K1025,Rotterdam,NL,07-09-2025,Levothyroxine 50mcg,Rx,21,3.12,,52.42,creditcard,4,4.7,ja,1
ORD-101817,K1083,Eindhoven,NL,21/04/25,Amoxicilline 250mg,Rx,28,6.62,5.0,176.09,vooruitbetaling,4,3.2,nee,0
ORD-101893,K1024,Antwerpen,BEL,2025-01-31,Metformine 850mg,Rx,6,4.13,0.0,24.78,incasso,4,1.0,nee,0
ORD-102264,K1082,Anvers,BE,02/05/25,Ibuprofen 400mg,OTC,28,2.3,10.0,57.96,factuur,4,3.5,nee,0
ORD-102301,K1137,Maastricht,NL,08-06-2025,Vitamine D3 25mcg,OTC,20,7.15,5.0,135.85,creditcard,4,2.0,nee,0
ORD-101513,K1107,Den Haag,NL,09/11/25,Metformine 850mg,Rx,42,4.28,15.0,152.8,vooruitbetaling,4,4.0,ja,1
ORD-101961,K1049,A'dam,NL,2025-05-23,Vitamine D3 25mcg,OTC,58,7.44,10.0,388.37,creditcard,4,1.6,nee,0
ORD-102035,K1147,amsterdam,NL,25/09/25,Metformine 850mg,Rx,45,4.22,10.0,170.91,creditcard,4,,nee,0
ORD-100703,K1022,Gent,Belgie,21-07-2025,Metformine 850mg,Rx,42,4.18,0.0,175.56,factuur,4,1.9,nee,0
ORD-100387,K1004,Utrceht,NL,18/04/25,Paracetamol 500mg,OTC,15,1.85,0.0,27.75,factuur,4,4.1,ja,1
ORD-101156,K1094,Groningen,NL,2025-06-02,Paracetamol 500mg,OTC,58,1.91,10.0,99.7,incasso,4,1.0,nee,0
ORD-101273,K1038,Groningen,NL,20-01-2025,Levothyroxine 50mcg,Rx,181,3.17,0.0,573.77,vooruitbetaling,4,3.3,nee,0
ORD-101914,K1158,Zwolle,NL,04/07/25,Amoxicilline 250mg,Rx,4,6.71,5.0,25.5,vooruitbetaling,4,3.8,nee,0
ORD-102302,K1134,Eindhoven,NL,2025-11-19,Paracetamol 500mg,OTC,10,1.94,5.0,18.43,creditcard,4,2.6,nee,0
ORD-100934,K1013,Utrecht,NL,03/06/25,Amoxicilline 250mg,Rx,37,7.07,5.0,248.51,vooruitbetaling,4,3.6,nee,0
ORD-101374,K1121,Antwerpen,BEL,18/03/25,Ibuprofen 400mg,OTC,30,2.38,0.0,71.4,,4,2.0,nee,0
ORD-100422,K1007,UTRECHT,NL,2025-01-23,Amoxicilline 250mg,Rx,31,6.77,15.0,178.39,vooruitbetaling,4,2.7,nee,0
ORD-101899,K1178,Maastricht,NL,2025-11-23,Paracetamol 500mg,OTC,12,1.83,5.0,20.86,incasso,4,2.9,nee,0
ORD-100828,K1143,UTRECHT,NL,2025-10-23,Paracetamol 500mg,OTC,31,1.86,20.0,46.13,vooruitbetaling,4,1.6,nee,0
ORD-101885,K1128,Eindhoven,NL,2025-10-15,Paracetamol 500mg,OTC,30,1.82,15.0,46.41,factuur,4,4.4,ja,1
ORD-101287,K1075,Utrecht,NL,25/03/25,Amoxicilline 250mg,Rx,25,7.05,5.0,167.44,factuur,4,2.4,nee,0
ORD-102068,K1005,Groningen,NL,11/06/25,Levothyroxine 50mcg,Rx,10,2.92,5.0,27.74,incasso,4,1.6,nee,0
ORD-100702,K1080,rotterdam,NL,2025-04-20,Paracetamol 500mg,OTC,85,1.77,5.0,142.93,factuur,4,3.0,nee,0
ORD-101730,K1006,Eindhoven,NL,2025-06-16,Metformine 850mg,Rx,14,4.3,5.0,57.19,factuur,4,,nee,0
ORD-100402,K1008,'s-Gravenhage,NL,02/04/25,Ibuprofen 400mg,OTC,45,2.33,10.0,94.36,factuur,4,4.4,ja,1
ORD-101947,K1123,'s-Gravenhage,NL,2025-03-30,Ibuprofen 400mg,OTC,6,2.42,,14.52,factuur,4,1.4,nee,0
ORD-100411,K1026,den haag,NL,04-02-2025,Omeprazol 20mg,Rx,13,5.26,10.0,61.54,vooruitbetaling,4,1.6,nee,0
ORD-100661,K1167,Groningen,NL,21/11/25,Amoxicilline 250mg,Rx,17,6.68,15.0,96.53,factuur,4,4.1,ja,1
ORD-102335,K1053,Maastricht,NL,09/11/25,Salbutamol inhalator,Rx,31,19.52,5.0,574.86,,4,2.7,nee,0
ORD-100675,K1066,Rotterdam,NL,17/02/25,Simvastatine 40mg,Rx,40,3.84,10.0,138.24,vooruitbetaling,4,3.2,nee,0
ORD-101920,K1173,Utrecht ,NL,2025-05-19,Simvastatine 40mg,Rx,56,3.88,15.0,184.69,incasso,4,1.0,nee,0
ORD-101142,K1034,Zwolle,NL,05-06-2025,Omeprazol 20mg,Rx,29,5.0,0.0,145.0,incasso,4,,nee,0
ORD-101842,K1129,Eindhoven,NL,28-04-2025,Salbutamol inhalator,Rx,3,17.95,10.0,48.46,,4,3.3,nee,0
ORD-102317,K1003,UTRECHT,NL,2025-01-31,Ibuprofen 400mg,OTC,23,2.46,,50.92,vooruitbetaling,4,,ja,1
ORD-101839,K1143,amsterdam,NL,2025-04-29,Ibuprofen 400mg,OTC,11,2.42,20.0,21.3,incasso,4,3.3,nee,0
ORD-102090,K1016,utrecht,NL,2025-12-01,Salbutamol inhalator,Rx,45,18.61,15.0,711.83,vooruitbetaling,4,4.5,ja,1
ORD-100610,K1076,Zwolle,NL,09-06-2025,Ibuprofen 400mg,OTC,8,2.46,5.0,18.7,creditcard,4,1.0,nee,0
ORD-100290,K1088,Anvers,BE,06/08/25,Insuline pen,Koelketen,16,40.53,0.0,648.48,incasso,6,1.7,nee,0
ORD-100037,K1097,Zwolle,NL,2025-02-20,Metformine 850mg,Rx,8,4.22,20.0,27.01,vooruitbetaling,4,1.8,nee,0
ORD-100474,K1025,Maastricht,NL,05/05/25,Amoxicilline 250mg,Rx,7,6.92,10.0,43.6,factuur,4,2.9,nee,0
ORD-101941,K1109,Maastricht,NL,05-02-2025,Vitamine D3 25mcg,OTC,133,6.94,20.0,738.42,incasso,4,6.7,ja,1
ORD-100752,K1021,Utrecht,NL,2025-04-01,Paracetamol 500mg,OTC,16,1.89,0.0,30.24,vooruitbetaling,4,1.5,nee,0
ORD-100967,K1068,amsterdam,NL,2025-10-22,Vitamine D3 25mcg,OTC,23,6.7,5.0,146.39,creditcard,4,1.2,nee,0
ORD-101821,K1079,rotterdam,NL,02-04-2025,Metformine 850mg,Rx,27,4.27,10.0,103.76,incasso,4,3.1,nee,0
ORD-100633,K1004,Amsterdam ,NL,18/05/25,Paracetamol 500mg,OTC,6,1.87,10.0,10.1,incasso,4,3.7,nee,0
ORD-100144,K1099,Amsterdam ,NL,17-04-2025,Omeprazol 20mg,Rx,11,5.01,10.0,49.6,creditcard,4,2.9,nee,0
ORD-100914,K1060,antwerpen,BE,13-10-2025,Salbutamol inhalator,Rx,72,19.26,,1386.72,creditcard,4,3.8,nee,0
ORD-102319,K1143,Groningen,NL,2025-07-25,Levothyroxine 50mcg,Rx,9,3.07,10.0,24.87,vooruitbetaling,4,2.2,nee,0
ORD-100911,K1158,Zwolle,NL,31-05-2025,Amoxicilline 250mg,Rx,8,6.69,5.0,50.84,creditcard,4,3.4,nee,0
ORD-101217,K1099,amsterdam,NL,13/06/25,Paracetamol 500mg,OTC,12,1.87,5.0,21.32,creditcard,4,1.5,nee,0
ORD-100382,K1090,den haag,NL,13/10/25,Salbutamol inhalator,Rx,44,19.03,15.0,711.72,incasso,4,3.3,nee,0
ORD-101401,K1086,utrecht,NL,19/08/25,Paracetamol 500mg,OTC,11,1.92,20.0,16.9,vooruitbetaling,4,1.9,nee,0
ORD-101341,K1135,A'dam,NL,07-01-2025,Levothyroxine 50mcg,Rx,20,3.1,0.0,62.0,factuur,4,3.2,nee,0
ORD-101277,K1046,Zwolle,NL,2025-03-22,Simvastatine 40mg,Rx,39,4.06,15.0,134.59,factuur,4,,nee,0
ORD-101661,K1136,Eindhoven,NL,2025-10-02,Vitamine D3 25mcg,OTC,4,7.37,10.0,26.53,factuur,4,1.0,nee,0
ORD-101509,K1163,Rotterdam,NL,2025-03-13,Vitamine D3 25mcg,OTC,69,7.33,0.0,505.77,creditcard,4,4.4,ja,1
ORD-100370,K1150,Maastricht,NL,07/08/25,Paracetamol 500mg,OTC,34,1.96,10.0,59.98,creditcard,4,3.2,nee,0
ORD-101089,K1120,amsterdam,NL,2025-08-25,Paracetamol 500mg,OTC,23,1.77,15.0,34.6,incasso,4,2.5,ja,0
ORD-100281,K1066,Rotterdam,NL,12/01/25,Ibuprofen 400mg,OTC,29,2.32,5.0,63.92,incasso,4,1.0,nee,0
ORD-100126,K1026,A'dam,NL,13-07-2025,Ibuprofen 400mg,OTC,17,2.4,10.0,36.72,factuur,4,3.5,nee,0
ORD-100433,K1049,A'dam,NL,2025-08-13,Amoxicilline 250mg,Rx,10,6.92,0.0,69.2,incasso,4,1.3,nee,0
ORD-100400,K1167,Zwolle,NL,2025-06-15,Ibuprofen 400mg,OTC,32,2.45,20.0,62.72,incasso,4,3.4,nee,0
ORD-100475,K1045,antwerpen,Belgie,12/02/25,Salbutamol inhalator,Rx,4,19.02,10.0,68.47,creditcard,4,1.9,nee,0
ORD-100297,K1016,Anvers,BE,2025-12-01,Metformine 850mg,Rx,60,4.36,5.0,248.52,factuur,4,3.3,nee,0
ORD-102259,K1101,Amsterdam,NL,2025-01-31,Insuline pen,Koelketen,13,42.57,0.0,553.41,creditcard,6,4.0,nee,0
ORD-102308,K1144,Utrceht,NL,2025-09-16,Amoxicilline 250mg,Rx,53,7.17,0.0,380.01,factuur,4,2.7,nee,0
ORD-100885,K1044,Eindhoven,NL,2025-04-23,Paracetamol 500mg,OTC,10,1.79,0.0,17.9,creditcard,4,3.4,nee,0
ORD-100523,K1052,Amsterdam,NL,13/01/25,Omeprazol 20mg,Rx,24,5.22,0.0,125.28,factuur,4,2.8,nee,0
ORD-100004,K1144,Amsterdam,NL,17-11-2025,Omeprazol 20mg,Rx,34,5.16,,175.44,factuur,4,1.5,nee,0
ORD-101644,K1160,Amsterdam,NL,01/05/25,Vitamine D3 25mcg,OTC,14,7.44,5.0,98.95,creditcard,4,1.0,nee,0
ORD-102027,K1022,Rotterdam,NL,15-03-2025,Metformine 850mg,Rx,109,4.23,0.0,461.07,incasso,4,5.0,ja,1
ORD-102200,K1001,Rotterdam,NL,2025-02-28,Vitamine D3 25mcg,OTC,23,7.16,,148.21,,4,3.6,nee,0
ORD-102038,K1143,Den  Haag,NL,31-01-2025,Vitamine D3 25mcg,OTC,8,7.23,10.0,52.06,factuur,4,2.6,nee,0
ORD-101130,K1100,Anvers,BEL,20/06/25,Simvastatine 40mg,Rx,35,3.82,0.0,133.7,factuur,4,5.7,ja,1
ORD-100443,K1057,Groningen,NL,11/01/25,Amoxicilline 250mg,Rx,8,7.01,0.0,56.08,factuur,4,3.5,nee,0
ORD-100101,K1170,Rotterdam,NL,11/01/25,Omeprazol 20mg,Rx,49,5.17,0.0,253.33,creditcard,4,4.2,nee,1
ORD-101353,K1103,Eindhoven,NL,03/10/25,Omeprazol 20mg,Rx,9,4.71,0.0,42.39,factuur,4,2.7,nee,0
ORD-101163,K1129,Amsterdam,NL,27/04/25,Amoxicilline 250mg,Rx,9,6.78,0.0,61.02,creditcard,4,4.4,ja,1
ORD-100609,K1090,Anvers,Belgie,20-09-2025,Omeprazol 20mg,Rx,13,5.15,0.0,66.95,factuur,4,4.8,nee,1
ORD-100906,K1116,Eindhoven,NL,2025-02-05,Omeprazol 20mg,Rx,6,5.26,,31.56,factuur,4,2.1,nee,0
ORD-100285,K1001,amsterdam,NL,01-09-2025,Levothyroxine 50mcg,Rx,32,2.99,0.0,95.68,creditcard,4,3.1,nee,0
ORD-101338,K1079,Maastricht,NL,02-11-2025,Paracetamol 500mg,OTC,8,1.84,0.0,14.72,factuur,4,1.4,nee,0
ORD-101838,K1079,antwerpen,Belgie,06/05/25,Paracetamol 500mg,OTC,19,1.81,0.0,34.39,factuur,4,2.0,nee,0
ORD-100464,K1021,Rotterdam,NL,20/08/25,Metformine 850mg,Rx,17,4.28,10.0,65.48,creditcard,4,1.5,nee,0
ORD-101031,K1025,Maastricht,NL,23-11-2025,Simvastatine 40mg,Rx,22,3.88,0.0,85.36,,4,3.0,nee,0
ORD-100734,K1004,Maastricht,NL,18/02/25,Paracetamol 500mg,OTC,58,1.88,0.0,109.04,creditcard,4,4.3,ja,1
ORD-101813,K1025,Eindhoven,NL,21/10/25,Insuline pen,Koelketen,29,42.09,20.0,976.49,vooruitbetaling,6,5.6,nee,0
ORD-101028,K1036,Zwolle,NL,06-07-2025,Levothyroxine 50mcg,Rx,17,3.19,0.0,54.23,vooruitbetaling,4,1.4,nee,0
ORD-102034,K1165,Groningen,NL,29-04-2025,Vitamine D3 25mcg,OTC,55,6.87,0.0,377.85,vooruitbetaling,4,1.6,nee,0
ORD-101732,K1107,antwerpen,BE,28-11-2025,Amoxicilline 250mg,Rx,15,7.03,20.0,84.36,incasso,4,1.4,nee,0
ORD-100961,K1150,Den Haag,NL,23-11-2025,Omeprazol 20mg,Rx,12,5.15,15.0,52.53,factuur,4,2.8,nee,0
ORD-101635,K1075,Groningen,NL,11/10/25,Simvastatine 40mg,Rx,14,4.03,0.0,56.42,factuur,4,1.5,nee,0
ORD-102048,K1081,Maastricht,NL,27/07/25,Metformine 850mg,Rx,11,4.29,20.0,37.75,vooruitbetaling,4,2.6,nee,0
ORD-101798,K1106,Amsterdam,NL,12-01-2025,Amoxicilline 250mg,Rx,14,6.63,0.0,92.82,factuur,4,3.6,nee,0
ORD-101631,K1006,Utrceht,NL,2025-04-30,Vitamine D3 25mcg,OTC,14,7.27,5.0,96.69,creditcard,4,1.0,nee,0
ORD-101788,K1007,A'dam,NL,29-11-2025,Paracetamol 500mg,OTC,20,1.93,10.0,34.74,factuur,4,3.9,nee,0
ORD-100504,K1087,Rotterdam,NL,2025-05-17,Metformine 850mg,Rx,42,4.18,15.0,149.23,vooruitbetaling,4,3.9,nee,0
ORD-100086,K1028,Amsterdam ,NL,25-11-2025,Vitamine D3 25mcg,OTC,88,7.25,5.0,606.1,factuur,4,1.0,nee,0
ORD-101428,K1116,Eindhoven,NL,03-07-2025,Levothyroxine 50mcg,Rx,15,3.18,10.0,42.93,factuur,4,2.6,nee,0
ORD-100853,K1156,Rotterdam,NL,24-08-2025,Amoxicilline 250mg,Rx,8,6.83,0.0,54.64,incasso,4,1.9,nee,0
ORD-100221,K1015,Utrecht ,NL,06-01-2025,Simvastatine 40mg,Rx,22,4.25,10.0,84.15,creditcard,4,3.4,nee,0
ORD-100670,K1143,UTRECHT,NL,26-03-2025,Levothyroxine 50mcg,Rx,44,3.1,20.0,109.12,creditcard,4,3.6,nee,0
ORD-100781,K1142,den haag,NL,2025-07-07,Levothyroxine 50mcg,Rx,17,2.96,0.0,50.32,creditcard,4,2.4,nee,0
ORD-100744,K1051,Antwerpen,Belgie,22-07-2025,Insuline pen,Koelketen,47,44.51,15.0,1778.17,creditcard,6,4.3,nee,0
ORD-100197,K1138,Amsterdam,NL,14/08/25,Insuline pen,Koelketen,12,42.23,5.0,481.42,creditcard,6,3.4,nee,0
ORD-101358,K1124,amsterdam,NL,06/04/25,Simvastatine 40mg,Rx,46,3.96,0.0,182.16,incasso,4,3.6,nee,0
ORD-100708,K1074,Gent,Belgie,28-01-2025,Paracetamol 500mg,OTC,26,1.83,5.0,45.2,incasso,4,3.0,nee,0
ORD-100993,K1055,Maastricht,NL,18/04/25,Salbutamol inhalator,Rx,11,18.41,10.0,182.26,vooruitbetaling,4,5.0,ja,1
ORD-100756,K1089,Zwolle,NL,2025-02-12,Omeprazol 20mg,Rx,10,5.3,0.0,53.0,factuur,4,5.2,ja,1
ORD-101917,K1084,A'dam,NL,23/08/25,Ibuprofen 400mg,OTC,11,2.35,0.0,25.85,creditcard,4,4.9,ja,1
ORD-101574,K1039,Utrecht,NL,25-11-2025,Insuline pen,Koelketen,33,43.65,10.0,1296.4,vooruitbetaling,6,6.2,ja,1
ORD-101472,K1038,Utrceht,NL,23-06-2025,Omeprazol 20mg,Rx,25,4.91,,98.2,factuur,4,1.4,nee,0
ORD-100284,K1129,Maastricht,NL,2025-09-05,Insuline pen,Koelketen,3,41.5,0.0,124.5,incasso,6,1.4,nee,0
ORD-100115,K1054,Gent,BEL,2025-02-19,Amoxicilline 250mg,Rx,6,6.63,5.0,37.79,vooruitbetaling,4,1.4,nee,0
ORD-101193,K1002,Gent,BE,2025-05-19,Amoxicilline 250mg,Rx,33,6.85,10.0,203.44,incasso,4,1.0,nee,0
ORD-101420,K1084,Utrecht,NL,2025-04-30,Ibuprofen 400mg,OTC,3,2.39,0.0,7.17,factuur,4,2.4,nee,0
ORD-100763,K1071,Antwerpen,BE,2025-03-17,Omeprazol 20mg,Rx,303,4.92,10.0,1341.68,vooruitbetaling,4,,ja,1
ORD-101884,K1175,Utrecht,NL,2025-10-11,Salbutamol inhalator,Rx,26,17.58,5.0,434.23,vooruitbetaling,4,3.7,nee,0
ORD-101197,K1160,Gent,BE,16-08-2025,Levothyroxine 50mcg,Rx,16,3.1,10.0,44.64,vooruitbetaling,4,2.5,nee,0
ORD-101249,K1080,'s-Gravenhage,NL,2025-01-18,Insuline pen,Koelketen,6,45.69,0.0,274.14,creditcard,6,3.3,nee,0
ORD-100963,K1132,Groningen,NL,30/11/25,Paracetamol 500mg,OTC,15,1.86,10.0,25.11,vooruitbetaling,4,3.5,nee,0
ORD-100265,K1045,utrecht,NL,10-05-2025,Vitamine D3 25mcg,OTC,26,7.02,20.0,146.02,creditcard,4,2.8,nee,0
ORD-101201,K1011,Anvers,BEL,12/02/25,Ibuprofen 400mg,OTC,11,2.25,20.0,19.8,vooruitbetaling,4,1.6,nee,0
ORD-100193,K1015,amsterdam,NL,10/04/25,Amoxicilline 250mg,Rx,22,6.85,,150.7,incasso,4,3.5,nee,0
ORD-101606,K1107,rotterdam,NL,28-02-2025,Vitamine D3 25mcg,OTC,55,7.15,5.0,373.59,creditcard,4,3.5,nee,0
ORD-100782,K1091,utrecht,NL,20/06/25,Simvastatine 40mg,Rx,13,3.89,,45.51,factuur,4,3.7,ja,0
ORD-100604,K1017,,BEL,16/03/25,Vitamine D3 25mcg,OTC,12,7.35,20.0,70.56,factuur,4,1.0,nee,0
ORD-101751,K1086,rotterdam,NL,29/10/25,Amoxicilline 250mg,Rx,10,7.03,,70.3,creditcard,4,2.7,nee,0
ORD-100927,K1114,Utrceht,NL,24-03-2025,Vitamine D3 25mcg,OTC,8,7.29,10.0,52.49,creditcard,4,3.5,nee,0
ORD-100536,K1089,rotterdam,NL,2025-03-13,Simvastatine 40mg,Rx,21,3.93,5.0,78.4,incasso,4,3.8,nee,0
ORD-101491,K1137,utrecht,NL,2025-06-19,Amoxicilline 250mg,Rx,86,6.82,10.0,527.87,vooruitbetaling,4,1.0,nee,0
ORD-101598,K1025,Groningen,NL,08-09-2025,Ibuprofen 400mg,OTC,7,2.46,15.0,14.64,creditcard,4,1.8,nee,0
ORD-101654,K1019,Maastricht,NL,2025-11-22,Levothyroxine 50mcg,Rx,38,3.04,0.0,115.52,creditcard,4,3.6,nee,0
ORD-101351,K1080,Gent,Belgie,31-01-2025,Omeprazol 20mg,Rx,23,5.16,10.0,106.81,incasso,4,3.7,nee,0
ORD-100811,K1022,amsterdam,NL,15-06-2025,Amoxicilline 250mg,Rx,18,6.69,0.0,120.42,creditcard,4,,nee,0
ORD-100627,K1108,A'dam,NL,08/10/25,Salbutamol inhalator,Rx,33,17.39,15.0,487.79,factuur,4,1.0,nee,0
ORD-101918,K1028,Maastricht,NL,2025-06-24,Metformine 850mg,Rx,27,4.28,10.0,104.0,creditcard,4,4.2,ja,1
ORD-100824,K1032,Eindhoven,NL,16-09-2025,Vitamine D3 25mcg,OTC,33,7.36,20.0,194.3,incasso,4,2.8,nee,0
ORD-100226,K1027,Eindhoven,NL,2025-05-12,Paracetamol 500mg,OTC,29,1.82,5.0,50.14,factuur,4,2.3,nee,0
ORD-102046,K1054,Eindhoven,NL,2025-07-01,Vitamine D3 25mcg,OTC,32,7.32,20.0,187.39,,4,3.8,nee,0
ORD-100122,K1039,utrecht,NL,28-03-2025,Salbutamol inhalator,Rx,20,18.73,0.0,374.6,vooruitbetaling,4,3.5,nee,0
ORD-101889,K1089,Anvers,Belgie,16/03/25,Amoxicilline 250mg,Rx,10,6.7,10.0,60.3,incasso,4,4.1,ja,1
ORD-102348,K1054,Utrceht,NL,27/07/25,Paracetamol 500mg,OTC,278,1.9,20.0,422.56,creditcard,4,5.9,ja,1
ORD-101417,K1002,Amsterdam,NL,07/10/25,Omeprazol 20mg,Rx,38,5.04,5.0,181.94,factuur,4,1.0,nee,0
ORD-100381,K1042,Maastricht,NL,2025-03-11,Simvastatine 40mg,Rx,4,3.84,15.0,13.06,,4,1.0,nee,0
ORD-100729,K1006,Eindhoven,NL,09-04-2025,Levothyroxine 50mcg,Rx,14,3.2,10.0,40.32,vooruitbetaling,4,1.9,nee,0
ORD-101855,K1018,Rotterdam,NL,2025-05-06,Amoxicilline 250mg,Rx,44,6.38,0.0,280.72,incasso,4,3.5,nee,0
ORD-100845,K1066,Gent,BE,13/02/25,Levothyroxine 50mcg,Rx,18,3.17,0.0,57.06,creditcard,4,2.5,nee,0
ORD-102128,K1097,,Belgie,11/05/25,Omeprazol 20mg,Rx,12,4.68,10.0,50.54,creditcard,4,2.5,nee,0
ORD-101075,K1003,Amsterdam ,NL,01-05-2025,Omeprazol 20mg,Rx,5,5.0,10.0,22.5,creditcard,4,3.7,nee,0
ORD-102382,K1090,Rotterdam,NL,13-07-2025,Simvastatine 40mg,Rx,31,3.87,15.0,101.97,factuur,4,3.9,nee,0
ORD-100669,K1111,Gent,BE,2025-03-29,Vitamine D3 25mcg,OTC,17,7.3,,124.1,creditcard,4,3.4,nee,0
ORD-100725,K1087,UTRECHT,NL,24-04-2025,Metformine 850mg,Rx,56,4.15,5.0,220.78,incasso,4,2.2,ja,0
ORD-101292,K1035,rotterdam,NL,2025-03-12,Ibuprofen 400mg,OTC,18,2.45,,39.69,vooruitbetaling,4,1.1,nee,0
ORD-100105,K1036,'s-Gravenhage,NL,06-04-2025,Simvastatine 40mg,Rx,15,4.16,10.0,56.16,vooruitbetaling,4,4.2,nee,1
ORD-101620,K1069,Eindhoven,NL,25/11/25,Amoxicilline 250mg,Rx,44,6.49,0.0,285.56,vooruitbetaling,4,3.2,ja,0
ORD-100181,K1056,Anvers,Belgie,13/07/25,Omeprazol 20mg,Rx,74,5.17,0.0,382.58,vooruitbetaling,4,2.7,nee,0
ORD-101328,K1044,Gent,Belgie,08/09/25,Levothyroxine 50mcg,Rx,15,3.23,0.0,48.45,creditcard,4,1.5,nee,0
ORD-101169,K1099,Amsterdam ,NL,16-03-2025,Salbutamol inhalator,Rx,8,19.44,,139.97,factuur,4,2.6,nee,0
ORD-102226,K1127,Utrceht,NL,2025-03-20,Simvastatine 40mg,Rx,18,4.05,0.0,72.9,vooruitbetaling,4,,nee,0
ORD-100258,K1123,amsterdam,NL,07-10-2025,Vitamine D3 25mcg,OTC,13,7.24,15.0,80.0,factuur,4,1.2,nee,0
ORD-102240,K1095,Amsterdam ,NL,23-05-2025,Ibuprofen 400mg,OTC,17,2.28,0.0,38.76,factuur,4,3.9,nee,0
ORD-100893,K1073,Groningen,NL,16-10-2025,Amoxicilline 250mg,Rx,12,6.92,15.0,70.58,factuur,4,2.2,nee,0
ORD-101026,K1069,Antwerpen,BEL,24-01-2025,Salbutamol inhalator,Rx,88,17.62,5.0,1473.03,vooruitbetaling,4,3.6,nee,0
ORD-101271,K1030,Zwolle,NL,26-09-2025,Metformine 850mg,Rx,15,4.08,15.0,52.02,vooruitbetaling,4,5.3,ja,1
ORD-101756,K1167,'s-Gravenhage,NL,2025-09-27,Salbutamol inhalator,Rx,13,19.22,10.0,224.87,,4,5.1,nee,1
ORD-101776,K1071,Zwolle,NL,2025-03-16,Amoxicilline 250mg,Rx,28,6.58,0.0,184.24,vooruitbetaling,4,4.2,nee,1
ORD-101275,K1051,Groningen,NL,14/01/25,Metformine 850mg,Rx,21,4.42,20.0,74.26,factuur,4,2.2,nee,0
ORD-100679,K1016,Maastricht,NL,15-10-2025,Paracetamol 500mg,OTC,11,1.81,10.0,17.92,factuur,4,1.3,nee,0
ORD-101690,K1069,Utrceht,NL,21-01-2025,Paracetamol 500mg,OTC,23,1.83,5.0,39.99,creditcard,4,3.1,nee,0
ORD-102009,K1107,antwerpen,BE,20-11-2025,Ibuprofen 400mg,OTC,39,2.42,5.0,89.66,creditcard,4,1.8,nee,0
ORD-102030,K1035,Amsterdam ,NL,21/11/25,Vitamine D3 25mcg,OTC,9,7.29,5.0,62.33,vooruitbetaling,4,3.8,nee,0
ORD-102206,K1151,Eindhoven,NL,02-05-2025,Vitamine D3 25mcg,OTC,4,7.07,0.0,76.36,vooruitbetaling,4,2.1,nee,0
ORD-101060,K1080,Anvers,Belgie,23/11/25,Levothyroxine 50mcg,Rx,79,3.07,0.0,242.53,vooruitbetaling,4,5.2,nee,1
ORD-102187,K1153,amsterdam,NL,2025-09-23,Paracetamol 500mg,OTC,32,1.81,0.0,57.92,incasso,4,1.0,nee,0
ORD-100693,K1056,Rotterdam,NL,14/07/25,Metformine 850mg,Rx,35,4.25,5.0,141.31,vooruitbetaling,4,,nee,0
ORD-102177,K1089,Groningen,NL,14/08/25,Ibuprofen 400mg,OTC,20,2.39,15.0,40.63,incasso,4,1.0,nee,0
ORD-102015,K1149,Eindhoven,NL,27-08-2025,Ibuprofen 400mg,OTC,14,2.48,5.0,32.98,creditcard,4,1.0,nee,0
ORD-101398,K1051,Maastricht,NL,2025-06-16,Vitamine D3 25mcg,OTC,19,7.21,0.0,136.99,creditcard,4,2.3,nee,0
ORD-102376,K1154,Den Haag,NL,25/10/25,Simvastatine 40mg,Rx,9,3.97,0.0,35.73,factuur,4,3.8,nee,0
ORD-101765,K1042,Zwolle,NL,23/11/25,Amoxicilline 250mg,Rx,72,6.73,10.0,436.1,vooruitbetaling,4,2.2,nee,0
ORD-101660,K1137,'s-Gravenhage,NL,19/09/25,Salbutamol inhalator,Rx,48,18.86,5.0,860.02,creditcard,4,2.2,nee,0
ORD-100271,K1023,Eindhoven,NL,14-09-2025,Omeprazol 20mg,Rx,48,5.0,,240.0,incasso,4,4.6,ja,1
ORD-100099,K1036,Utrceht,NL,2025-04-22,Amoxicilline 250mg,Rx,30,6.6,20.0,158.4,factuur,4,3.1,nee,0
ORD-100169,K1177,Rotterdam,NL,19-05-2025,Amoxicilline 250mg,Rx,9,6.76,0.0,60.84,creditcard,4,3.7,nee,0
ORD-101348,K1033,Eindhoven,NL,02-11-2025,Paracetamol 500mg,OTC,20,1.83,15.0,31.11,factuur,4,3.8,nee,0
ORD-102281,K1015,Groningen,NL,28-10-2025,Omeprazol 20mg,Rx,-5,4.99,0.0,179.64,vooruitbetaling,4,2.4,nee,0
ORD-100544,K1177,Eindhoven,NL,2025-10-28,Salbutamol inhalator,Rx,52,18.74,0.0,974.48,,4,1.6,nee,0
ORD-100709,K1087,Den Haag,NL,2025-09-22,Amoxicilline 250mg,Rx,12,6.84,5.0,77.98,incasso,4,2.7,nee,0
ORD-102032,K1058,rotterdam,NL,22-04-2025,Omeprazol 20mg,Rx,43,4.97,0.0,213.71,creditcard,4,3.3,nee,0
ORD-100303,K1094,Utrecht ,NL,2025-06-25,Paracetamol 500mg,OTC,75,1.9,20.0,114.0,,4,3.2,nee,0
ORD-101269,K1055,Utrceht,NL,24-09-2025,Levothyroxine 50mcg,Rx,39,3.18,10.0,111.62,vooruitbetaling,4,1.6,nee,0
ORD-101714,K1133,Eindhoven,NL,2025-07-19,Vitamine D3 25mcg,OTC,12,7.39,,88.68,,4,3.5,nee,0
ORD-101954,K1053,Groningen,NL,28-08-2025,Paracetamol 500mg,OTC,23,1.96,,45.08,creditcard,4,1.9,nee,0
ORD-100509,K1112,Den Haag,NL,23-04-2025,Ibuprofen 400mg,OTC,44,2.39,5.0,99.9,creditcard,4,2.4,nee,0
ORD-100149,K1016,Zwolle,NL,02/07/25,Salbutamol inhalator,Rx,40,17.3,20.0,553.6,vooruitbetaling,4,2.3,nee,0
ORD-100247,K1119,Utrecht ,NL,12/09/25,Vitamine D3 25mcg,OTC,38,7.19,20.0,218.58,creditcard,4,4.5,ja,1
ORD-100745,K1103,rotterdam,NL,19-02-2025,Ibuprofen 400mg,OTC,15,2.38,20.0,28.56,incasso,4,,nee,0
ORD-100699,K1019,utrecht,NL,2025-06-22,Omeprazol 20mg,Rx,10,5.33,10.0,47.97,incasso,4,2.5,nee,0
ORD-101052,K1127,Eindhoven,NL,2025-09-17,Salbutamol inhalator,Rx,15,17.82,5.0,253.94,creditcard,4,2.1,nee,0
ORD-100427,K1048,Eindhoven,NL,23-04-2025,Vitamine D3 25mcg,OTC,269,7.41,0.0,1993.29,incasso,4,2.9,nee,0
ORD-100660,K1003,antwerpen,Belgie,03-02-2025,Vitamine D3 25mcg,OTC,17,7.6,0.0,129.2,vooruitbetaling,4,2.5,nee,0
ORD-100894,K1119,Anvers,Belgie,22-01-2025,Amoxicilline 250mg,Rx,15,6.61,10.0,89.24,vooruitbetaling,4,2.8,nee,0
ORD-100153,K1051,Maastricht,NL,28/11/25,Salbutamol inhalator,Rx,1,19.0,15.0,16.15,vooruitbetaling,4,3.7,nee,0
ORD-101449,K1022,Amsterdam,NL,2025-05-06,Simvastatine 40mg,Rx,7,4.07,,24.22,factuur,4,3.8,nee,0
ORD-100542,K1065,Amsterdam,NL,09/09/25,Simvastatine 40mg,Rx,15,3.98,10.0,53.73,incasso,4,1.7,nee,0
ORD-101325,K1022,Utrecht ,NL,01/04/25,Ibuprofen 400mg,OTC,9,2.42,10.0,19.6,creditcard,4,1.0,nee,0
ORD-101741,K1021,amsterdam,NL,25/04/25,Ibuprofen 400mg,OTC,54,2.47,15.0,113.37,incasso,4,3.2,nee,0
ORD-102378,K1051,A'dam,NL,2025-12-01,Simvastatine 40mg,Rx,16,3.81,5.0,57.91,,4,4.3,ja,1
ORD-100825,K1058,Amsterdam ,NL,26-05-2025,Simvastatine 40mg,Rx,7,4.06,0.0,28.42,vooruitbetaling,4,1.0,nee,0
ORD-100339,K1090,Amsterdam ,NL,2025-10-12,Paracetamol 500mg,OTC,10,1.75,0.0,17.5,incasso,4,2.0,nee,0
ORD-101540,K1144,Den Haag,NL,04-02-2025,Paracetamol 500mg,OTC,15,1.81,20.0,21.72,creditcard,4,1.2,nee,0
ORD-101196,K1131,Groningen,NL,2025-10-24,Omeprazol 20mg,Rx,31,5.24,20.0,129.95,creditcard,4,2.6,nee,0
ORD-101779,K1179,Gent,BEL,2025-10-18,Levothyroxine 50mcg,Rx,41,3.21,0.0,131.61,factuur,4,4.4,ja,1
ORD-101987,K1086,Eindhoven,NL,25-10-2025,Vitamine D3 25mcg,OTC,42,7.19,0.0,301.98,,4,1.8,nee,0
ORD-100829,K1120,Rotterdam,NL,08-10-2025,Vitamine D3 25mcg,OTC,28,7.47,20.0,167.33,creditcard,4,2.0,nee,0
ORD-101752,K1156,Antwerpen,BEL,2025-06-29,Vitamine D3 25mcg,OTC,12,7.31,10.0,78.95,creditcard,4,2.3,nee,0
ORD-101866,K1041,Maastricht,NL,14-03-2025,Levothyroxine 50mcg,Rx,75,2.97,0.0,222.75,factuur,4,2.8,nee,0
ORD-102126,K1030,Gent,Belgie,21-02-2025,Simvastatine 40mg,Rx,57,3.99,10.0,204.69,vooruitbetaling,4,2.6,nee,0
ORD-101221,K1172,Eindhoven,NL,30/05/25,Insuline pen,Koelketen,13,42.97,5.0,530.68,incasso,6,4.5,ja,0
ORD-101361,K1060,amsterdam,NL,08/04/25,Levothyroxine 50mcg,Rx,4,3.2,,10.24,incasso,4,2.6,nee,0
ORD-101831,K1072,Rotterdam,NL,08/05/25,Omeprazol 20mg,Rx,11,5.02,15.0,46.94,factuur,4,1.1,nee,0
ORD-101331,K1015,Gent,Belgie,09-07-2025,Ibuprofen 400mg,OTC,10,2.47,0.0,24.7,vooruitbetaling,4,4.5,nee,1
ORD-100843,K1029,'s-Gravenhage,NL,05/03/25,Ibuprofen 400mg,OTC,126,2.44,15.0,261.32,factuur,4,1.0,nee,0
ORD-101577,K1172,Utrecht ,NL,16-07-2025,Metformine 850mg,Rx,15,4.24,,63.6,factuur,4,1.2,nee,0
ORD-100420,K1040,Zwolle,NL,01/02/25,Paracetamol 500mg,OTC,31,1.84,0.0,57.04,creditcard,4,4.2,nee,1
ORD-101811,K1054,amsterdam,NL,28-01-2025,Simvastatine 40mg,Rx,14,3.93,,52.27,incasso,4,2.0,nee,0
ORD-100498,K1075,den haag,NL,2025-02-03,Insuline pen,Koelketen,37,39.89,5.0,1402.13,incasso,6,1.7,nee,0
ORD-100416,K1151,Groningen,NL,25/04/25,Vitamine D3 25mcg,OTC,38,7.51,10.0,256.84,creditcard,4,2.8,nee,0
ORD-100620,K1077,Maastricht,NL,2025-05-06,Amoxicilline 250mg,Rx,48,6.72,5.0,306.43,incasso,4,3.2,nee,0
ORD-101655,K1166,Utrecht ,NL,2025-11-21,Levothyroxine 50mcg,Rx,21,3.12,5.0,62.24,incasso,4,2.3,nee,0
ORD-100311,K1167,Utrecht,NL,12-08-2025,Metformine 850mg,Rx,8,4.24,0.0,33.92,incasso,4,1.4,nee,0
ORD-100123,K1167,Gent,Belgie,2025-10-31,Omeprazol 20mg,Rx,11,4.95,5.0,51.73,vooruitbetaling,4,3.4,nee,0
ORD-102152,K1152,Eindhoven,NL,2025-03-01,Salbutamol inhalator,Rx,12,19.12,0.0,229.44,creditcard,4,3.3,nee,0
ORD-100360,K1020,Maastricht,NL,20-02-2025,Levothyroxine 50mcg,Rx,22,3.27,0.0,71.94,creditcard,4,1.4,nee,0
ORD-100507,K1164,Zwolle,NL,20-09-2025,Paracetamol 500mg,OTC,10,1.8,0.0,18.0,factuur,4,2.1,nee,0
ORD-101327,K1000,Utrecht,NL,03-07-2025,Paracetamol 500mg,OTC,37,1.84,10.0,61.27,creditcard,4,3.1,nee,0
ORD-102386,K1047,utrecht,NL,08-06-2025,Omeprazol 20mg,Rx,36,5.2,0.0,187.2,factuur,4,4.7,nee,1
ORD-101887,K1107,Zwolle,NL,25/02/25,Simvastatine 40mg,Rx,23,3.6,5.0,78.66,factuur,4,1.0,nee,0
ORD-102236,K1105,Antwerpen,BEL,15-06-2025,Salbutamol inhalator,Rx,7,18.16,5.0,120.76,creditcard,4,3.1,nee,0
ORD-102338,K1111,UTRECHT,NL,29/05/25,Omeprazol 20mg,Rx,36,5.04,5.0,172.37,creditcard,4,2.4,nee,0
ORD-101773,K1107,den haag,NL,2025-05-09,Vitamine D3 25mcg,OTC,11,7.06,10.0,69.89,vooruitbetaling,4,2.2,nee,0
ORD-101423,K1053,Maastricht,NL,2025-06-14,Insuline pen,Koelketen,9,43.48,15.0,332.62,vooruitbetaling,6,6.9,ja,1
ORD-101711,K1097,UTRECHT,NL,24/03/25,Metformine 850mg,Rx,29,4.22,,110.14,incasso,4,1.4,nee,0
ORD-101027,K1046,amsterdam,NL,2025-02-28,Amoxicilline 250mg,Rx,78,6.65,0.0,518.7,vooruitbetaling,4,3.9,nee,0
ORD-101355,K1078,UTRECHT,NL,21/11/25,Ibuprofen 400mg,OTC,14,2.38,20.0,26.66,factuur,4,2.5,nee,0
ORD-100137,K1162,Rotterdam,NL,2025-08-04,Salbutamol inhalator,Rx,19,18.54,10.0,317.03,incasso,4,3.1,nee,0
ORD-100421,K1136,amsterdam,NL,11/01/25,Insuline pen,Koelketen,67,42.86,10.0,2584.46,vooruitbetaling,6,,nee,0
ORD-100441,K1003,Zwolle,NL,2025-08-18,Omeprazol 20mg,Rx,5,4.82,0.0,24.1,incasso,4,2.2,nee,0
ORD-100005,K1034,Eindhoven,NL,14/10/25,Vitamine D3 25mcg,OTC,55,7.05,20.0,310.2,creditcard,4,1.8,nee,0
ORD-100840,K1101,Utrecht ,NL,15-11-2025,Vitamine D3 25mcg,OTC,10,7.5,0.0,75.0,,4,4.2,ja,1
ORD-101916,K1012,amsterdam,NL,14/02/25,Levothyroxine 50mcg,Rx,102,3.11,,301.36,incasso,4,4.9,nee,1
ORD-101063,K1119,Gent,BE,08-09-2025,Paracetamol 500mg,OTC,80,1.89,10.0,136.08,factuur,4,1.0,nee,0
ORD-101543,K1058,Gent,BE,2025-09-24,Omeprazol 20mg,Rx,7,5.04,10.0,31.75,vooruitbetaling,4,3.5,nee,0
ORD-100899,K1074,Eindhoven,NL,2025-11-21,Omeprazol 20mg,Rx,15,5.28,5.0,75.24,creditcard,4,4.4,nee,1
ORD-100875,K1074,Rotterdam,NL,2025-05-17,Ibuprofen 400mg,OTC,15,2.42,5.0,34.48,vooruitbetaling,4,4.2,ja,1
ORD-102076,K1039,Utrecht ,NL,2025-01-18,Vitamine D3 25mcg,OTC,10,7.28,0.0,72.8,factuur,4,3.4,nee,0
ORD-100050,K1063,Groningen,NL,02-05-2025,Vitamine D3 25mcg,OTC,26,7.34,10.0,171.76,factuur,4,4.2,ja,1
ORD-102360,K1163,Amsterdam ,NL,2025-09-04,Omeprazol 20mg,Rx,19,4.91,0.0,93.29,vooruitbetaling,4,1.0,nee,0
ORD-101458,K1080,Anvers,BEL,05-10-2025,Ibuprofen 400mg,OTC,14,2.48,10.0,31.25,factuur,4,2.6,nee,0
ORD-100691,K1081,Eindhoven,NL,17-09-2025,Paracetamol 500mg,OTC,33,1.83,15.0,51.33,creditcard,4,1.0,ja,0
ORD-101997,K1085,Eindhoven,NL,2025-07-26,Omeprazol 20mg,Rx,64,5.33,20.0,272.9,incasso,4,4.8,ja,1
ORD-100814,K1081,Utrecht ,NL,2025-07-08,Paracetamol 500mg,OTC,42,1.84,0.0,77.28,factuur,4,3.4,nee,0
ORD-100820,K1036,Groningen,NL,2025-11-17,Ibuprofen 400mg,OTC,30,2.45,5.0,69.82,incasso,4,1.8,nee,0
ORD-100266,K1051,Anvers,Belgie,2025-04-18,Metformine 850mg,Rx,13,4.05,0.0,52.65,vooruitbetaling,4,3.1,nee,0
ORD-101224,K1174,amsterdam,NL,2025-09-03,Metformine 850mg,Rx,38,4.28,5.0,154.51,vooruitbetaling,4,1.8,nee,0
ORD-100224,K1093,Utrecht ,NL,08/01/25,Levothyroxine 50mcg,Rx,7,3.07,10.0,19.34,incasso,4,2.4,ja,0
ORD-100592,K1125,Utrecht,NL,03-09-2025,Amoxicilline 250mg,Rx,16,6.85,15.0,93.16,creditcard,4,1.4,nee,0
ORD-100578,K1047,Gent,BE,2025-07-05,Levothyroxine 50mcg,Rx,8,3.05,15.0,20.74,incasso,4,4.3,nee,1
ORD-101240,K1111,Zwolle,NL,26-06-2025,Metformine 850mg,Rx,20,4.23,15.0,71.91,incasso,4,1.6,nee,0
ORD-101992,K1085,amsterdam,NL,29/03/25,Insuline pen,Koelketen,50,43.2,10.0,1944.0,factuur,6,4.5,nee,0
ORD-101827,K1110,Utrecht ,NL,28/04/25,Paracetamol 500mg,OTC,16,1.85,20.0,23.68,incasso,4,2.7,nee,0
ORD-101009,K1108,Zwolle,NL,15/08/25,Salbutamol inhalator,Rx,27,18.06,5.0,463.24,factuur,4,4.2,ja,1
ORD-101833,K1006,Utrceht,NL,23-01-2025,Metformine 850mg,Rx,10,4.27,0.0,42.7,creditcard,4,1.9,nee,0
ORD-100549,K1127,'s-Gravenhage,NL,08/09/25,Metformine 850mg,Rx,22,4.06,10.0,80.39,factuur,4,3.6,nee,0
ORD-102249,K1030,Gent,BE,11-05-2025,Amoxicilline 250mg,Rx,48,6.84,15.0,279.07,incasso,4,4.1,ja,1
ORD-101151,K1031,Zwolle,NL,06/05/25,Omeprazol 20mg,Rx,26,5.07,0.0,131.82,factuur,4,1.4,nee,0
ORD-101069,K1131,Utrceht,NL,2025-10-13,Omeprazol 20mg,Rx,67,5.36,15.0,305.25,creditcard,4,3.2,nee,0
ORD-102227,K1088,Maastricht,NL,14-03-2025,Insuline pen,Koelketen,47,41.69,,1861.46,factuur,6,4.0,nee,0
ORD-101865,K1111,Eindhoven,NL,21/04/25,Insuline pen,Koelketen,12,42.23,15.0,430.75,vooruitbetaling,6,3.3,nee,0
ORD-102384,K1059,Eindhoven,NL,07-02-2025,Salbutamol inhalator,Rx,6,18.05,10.0,97.47,factuur,4,2.3,nee,0
ORD-101908,K1150,A'dam,NL,24-06-2025,Levothyroxine 50mcg,Rx,33,3.06,0.0,100.98,incasso,4,2.0,nee,0
ORD-100080,K1116,Maastricht,NL,2025-11-22,Salbutamol inhalator,Rx,20,17.81,5.0,338.39,creditcard,4,3.4,nee,0
ORD-101873,K1049,UTRECHT,NL,09/09/25,Vitamine D3 25mcg,OTC,7,7.05,0.0,49.35,factuur,4,1.0,nee,0
ORD-100870,K1099,Zwolle,NL,22-07-2025,Metformine 850mg,Rx,45,4.27,15.0,163.33,vooruitbetaling,4,2.9,nee,0
ORD-100033,K1022,Gent,BE,19/03/25,Amoxicilline 250mg,Rx,5,6.54,0.0,32.7,creditcard,4,3.7,nee,0
ORD-101183,K1070,Eindhoven,NL,16-07-2025,Amoxicilline 250mg,Rx,44,6.64,5.0,277.55,,4,2.0,nee,0
ORD-102178,K1166,'s-Gravenhage,NL,09-03-2025,Metformine 850mg,Rx,22,4.23,0.0,93.06,creditcard,4,4.5,ja,1
ORD-101388,K1056,Eindhoven,NL,13/10/25,Vitamine D3 25mcg,OTC,5,6.95,0.0,34.75,vooruitbetaling,4,1.7,nee,0
ORD-100737,K1035,Zwolle,NL,2025-03-03,Metformine 850mg,Rx,290,4.32,10.0,1127.52,vooruitbetaling,4,5.3,ja,1
ORD-100216,K1122,Amsterdam ,NL,2025-10-28,Amoxicilline 250mg,Rx,10,6.53,15.0,55.5,factuur,4,2.9,nee,0
ORD-100877,K1045,Rotterdam,NL,2025-09-04,Metformine 850mg,Rx,6,4.14,,24.84,creditcard,4,2.5,nee,0
ORD-100632,K1091,Den Haag,NL,18-11-2025,Omeprazol 20mg,Rx,96,4.76,,411.26,factuur,4,1.3,nee,0
ORD-101048,K1081,Maastricht,NL,2025-08-22,Vitamine D3 25mcg,OTC,17,6.77,10.0,103.58,creditcard,4,2.9,nee,0
ORD-101070,K1152,Rotterdam,NL,2025-03-15,Paracetamol 500mg,OTC,55,1.82,0.0,100.1,vooruitbetaling,4,3.5,nee,0
ORD-101235,K1131,Maastricht,NL,2025-07-21,Levothyroxine 50mcg,Rx,37,3.04,0.0,112.48,vooruitbetaling,4,2.5,nee,0
ORD-101904,K1034,utrecht,NL,17/07/25,Omeprazol 20mg,Rx,18,5.11,5.0,87.38,factuur,4,3.1,nee,0
ORD-100689,K1064,Rotterdam,NL,11/09/25,Salbutamol inhalator,Rx,21,18.59,0.0,390.39,incasso,4,2.9,nee,0
ORD-100804,K1025,rotterdam,NL,2025-11-26,Simvastatine 40mg,Rx,7,3.96,15.0,23.56,vooruitbetaling,4,3.1,nee,0
ORD-100134,K1155,rotterdam,NL,12/02/25,Amoxicilline 250mg,Rx,11,6.67,10.0,66.03,vooruitbetaling,4,2.5,nee,0
ORD-100324,K1106,Amsterdam ,NL,09/04/25,Vitamine D3 25mcg,OTC,19,7.22,5.0,130.32,factuur,4,1.5,nee,0
ORD-102132,K1144,Amsterdam,NL,01-05-2025,Simvastatine 40mg,Rx,36,3.74,,134.64,factuur,4,2.4,nee,0
ORD-100748,K1007,Zwolle,NL,2025-06-08,Paracetamol 500mg,OTC,38,1.82,0.0,69.16,vooruitbetaling,4,4.9,ja,1
ORD-100879,K1108,Groningen,NL,03/10/25,Ibuprofen 400mg,OTC,29,2.35,10.0,61.34,incasso,4,3.1,nee,0
ORD-102042,K1168,Groningen,NL,2025-07-29,Vitamine D3 25mcg,OTC,11,7.36,15.0,68.82,vooruitbetaling,4,1.6,nee,0
ORD-100913,K1117,Gent,Belgie,06/02/25,Amoxicilline 250mg,Rx,66,6.85,,452.1,vooruitbetaling,4,2.6,nee,0
ORD-102153,K1075,Rotterdam,NL,27/09/25,Metformine 850mg,Rx,15,4.36,5.0,62.13,,4,4.2,ja,1
ORD-101568,K1177,amsterdam,NL,14/10/25,Levothyroxine 50mcg,Rx,4,3.21,10.0,11.56,factuur,4,2.0,nee,0
ORD-102008,K1160,Groningen,NL,07/10/25,Ibuprofen 400mg,OTC,31,2.41,10.0,67.24,incasso,4,1.5,nee,0
ORD-100603,K1154,Amsterdam ,NL,2025-09-19,Insuline pen,Koelketen,38,42.03,5.0,1517.28,factuur,6,3.3,nee,0
ORD-101296,K1058,'s-Gravenhage,NL,18/09/25,Omeprazol 20mg,Rx,23,5.21,5.0,113.84,creditcard,4,1.4,nee,0
ORD-101450,K1074,Utrecht,NL,2025-04-06,Ibuprofen 400mg,OTC,8,2.49,,18.92,incasso,4,2.1,nee,0
ORD-101843,K1080,UTRECHT,NL,28-02-2025,Ibuprofen 400mg,OTC,42,2.4,,80.64,creditcard,4,4.3,nee,1
ORD-101128,K1026,Rotterdam,NL,16-10-2025,Omeprazol 20mg,Rx,37,4.65,15.0,146.24,creditcard,4,2.7,nee,0
ORD-102266,K1132,utrecht,NL,18/06/25,Amoxicilline 250mg,Rx,7,6.86,,45.62,vooruitbetaling,4,1.6,nee,0
ORD-101636,K1036,Utrceht,NL,21/06/25,Ibuprofen 400mg,OTC,34,2.3,5.0,74.29,factuur,4,3.9,nee,0
ORD-101092,K1073,Utrecht ,NL,21/10/25,Vitamine D3 25mcg,OTC,28,7.48,10.0,188.5,incasso,4,1.4,nee,0
ORD-101895,K1161,rotterdam,NL,27/04/25,Levothyroxine 50mcg,Rx,20,3.11,5.0,59.09,incasso,4,4.1,ja,1
ORD-101168,K1160,Zwolle,NL,2025-06-05,Salbutamol inhalator,Rx,6,18.58,5.0,105.91,factuur,4,1.3,nee,0
ORD-100863,K1131,UTRECHT,NL,10-09-2025,Vitamine D3 25mcg,OTC,13,7.29,5.0,90.03,factuur,4,1.0,nee,0
ORD-100023,K1156,'s-Gravenhage,NL,21/07/25,Levothyroxine 50mcg,Rx,12,3.09,15.0,31.52,,4,1.0,nee,0
ORD-100148,K1009,antwerpen,BE,17/03/25,Vitamine D3 25mcg,OTC,13,7.02,0.0,91.26,incasso,4,1.1,nee,0
ORD-102228,K1073,Groningen,NL,31-01-2025,Amoxicilline 250mg,Rx,23,6.67,0.0,153.41,factuur,4,3.9,nee,0
ORD-101102,K1155,Utrecht ,NL,2025-02-08,Omeprazol 20mg,Rx,28,4.99,10.0,125.75,incasso,4,1.0,nee,0
ORD-101253,K1061,utrecht,NL,26/09/25,Salbutamol inhalator,Rx,12,18.78,5.0,214.09,factuur,4,3.5,nee,0
ORD-100400,K1167,Zwolle,NL,2025-06-15,Ibuprofen 400mg,OTC,32,2.45,20.0,62.72,incasso,4,3.4,nee,0
ORD-101587,K1022,Den Haag,NL,27/11/25,Omeprazol 20mg,Rx,20,5.27,5.0,100.13,incasso,4,1.5,nee,0
ORD-101907,K1008,Maastricht,NL,2025-01-30,Levothyroxine 50mcg,Rx,61,3.18,5.0,184.28,,4,3.0,nee,0
ORD-100716,K1058,Zwolle,NL,2025-03-25,Ibuprofen 400mg,OTC,9,2.46,15.0,18.82,incasso,4,2.4,nee,0
ORD-100930,K1044,Amsterdam ,NL,16-11-2025,Ibuprofen 400mg,OTC,49,2.33,,108.46,incasso,4,2.6,nee,0
ORD-102157,K1119,Anvers,BE,2025-10-14,Insuline pen,Koelketen,22,41.09,0.0,903.98,creditcard,6,1.2,nee,0
ORD-101413,K1033,Utrceht,NL,01/12/25,Levothyroxine 50mcg,Rx,12,3.15,0.0,37.8,factuur,4,2.6,nee,0
ORD-102141,K1152,Rotterdam,NL,2025-08-27,Ibuprofen 400mg,OTC,175,2.4,0.0,420.0,factuur,4,4.0,nee,0
ORD-100076,K1005,Gent,BEL,11-02-2025,Vitamine D3 25mcg,OTC,44,7.15,5.0,298.87,factuur,4,4.0,nee,0
ORD-101805,K1052,Amsterdam ,NL,2025-08-21,Amoxicilline 250mg,Rx,12,7.13,20.0,68.45,vooruitbetaling,4,,nee,0
ORD-101597,K1000,Maastricht,NL,22/02/25,Paracetamol 500mg,OTC,11,1.91,0.0,21.01,vooruitbetaling,4,1.0,nee,0
ORD-101836,K1070,Den  Haag,NL,29/07/25,Ibuprofen 400mg,OTC,9,2.58,20.0,18.58,factuur,4,1.0,nee,0
ORD-100361,K1037,Maastricht,NL,17/06/25,Paracetamol 500mg,OTC,61,1.88,5.0,108.95,vooruitbetaling,4,1.9,nee,0
ORD-101381,K1139,Zwolle,NL,01-09-2025,Paracetamol 500mg,OTC,16,1.93,15.0,26.25,vooruitbetaling,4,4.4,ja,1
ORD-101199,K1138,Anvers,Belgie,24-10-2025,Metformine 850mg,Rx,18,4.13,0.0,74.34,vooruitbetaling,4,1.8,nee,0
ORD-101646,K1001,Den  Haag,NL,08-03-2025,Simvastatine 40mg,Rx,17,3.97,10.0,60.74,incasso,4,,nee,0
ORD-101876,K1135,Eindhoven,NL,2025-02-28,Simvastatine 40mg,Rx,46,3.91,,170.87,vooruitbetaling,4,3.0,nee,0
ORD-101638,K1013,Gent,BE,31-05-2025,Salbutamol inhalator,Rx,23,18.17,10.0,376.12,incasso,4,1.9,nee,0
ORD-101373,K1035,,NL,17/02/25,Simvastatine 40mg,Rx,42,4.08,5.0,162.79,incasso,4,1.0,nee,0
ORD-100500,K1001,Maastricht,NL,06/10/25,Levothyroxine 50mcg,Rx,54,3.16,10.0,153.58,vooruitbetaling,4,3.6,nee,0
ORD-101421,K1000,A'dam,NL,21/08/25,Omeprazol 20mg,Rx,13,4.93,0.0,64.09,creditcard,4,2.2,nee,0
ORD-100505,K1144,Utrecht ,NL,27/09/25,Simvastatine 40mg,Rx,44,4.06,10.0,160.78,vooruitbetaling,4,3.7,nee,0
ORD-102238,K1015,Eindhoven,NL,25-06-2025,Levothyroxine 50mcg,Rx,10,2.99,5.0,28.4,incasso,4,2.4,ja,0
ORD-102325,K1146,Utrceht,NL,18/11/25,Vitamine D3 25mcg,OTC,24,7.87,0.0,188.88,factuur,4,3.4,nee,0
ORD-102381,K1105,Antwerpen,BEL,19-07-2025,Levothyroxine 50mcg,Rx,5,3.1,5.0,14.72,vooruitbetaling,4,3.1,nee,0
ORD-100957,K1003,rotterdam,NL,16/09/25,Metformine 850mg,Rx,118,4.22,20.0,398.37,factuur,4,2.7,nee,0
ORD-101945,K1089,Gent,Belgie,02/06/25,Paracetamol 500mg,OTC,11,1.84,0.0,20.24,vooruitbetaling,4,3.0,nee,0
ORD-101625,K1101,rotterdam,NL,08/08/25,Levothyroxine 50mcg,Rx,15,3.04,0.0,45.6,vooruitbetaling,4,1.7,nee,0
ORD-100201,K1013,rotterdam,NL,2025-05-16,Vitamine D3 25mcg,OTC,6,7.37,20.0,35.38,incasso,4,2.8,nee,0
ORD-102246,K1019,Zwolle,NL,24-03-2025,Salbutamol inhalator,Rx,6,17.35,0.0,104.1,factuur,4,1.1,nee,0
ORD-100238,K1128,Groningen,NL,28/11/25,Insuline pen,Koelketen,58,41.12,0.0,2384.96,,6,6.4,ja,1
ORD-100985,K1008,Zwolle,NL,2025-11-22,Omeprazol 20mg,Rx,18,4.99,10.0,80.84,creditcard,4,3.3,nee,0
ORD-100552,K1060,Antwerpen,BEL,29/01/25,Ibuprofen 400mg,OTC,21,2.39,20.0,40.15,creditcard,4,1.4,nee,0
ORD-102354,K1109,Eindhoven,NL,08/10/25,Paracetamol 500mg,OTC,26,1.83,5.0,45.2,,4,1.7,nee,0
ORD-101439,K1063,Den  Haag,NL,27/05/25,Paracetamol 500mg,OTC,25,1.96,10.0,44.1,factuur,4,2.6,nee,0
ORD-102040,K1084,Groningen,NL,2025-07-14,Insuline pen,Koelketen,3,43.0,0.0,129.0,vooruitbetaling,6,4.9,nee,0
ORD-100989,K1101,Utrceht,NL,12-11-2025,Ibuprofen 400mg,OTC,51,2.4,10.0,110.16,factuur,4,,ja,1
ORD-100623,K1136,UTRECHT,NL,2025-10-04,Vitamine D3 25mcg,OTC,13,7.92,15.0,87.52,creditcard,4,3.8,nee,0
ORD-100048,K1137,den haag,NL,23/03/25,Metformine 850mg,Rx,15,4.48,5.0,63.84,vooruitbetaling,4,1.5,nee,0
ORD-101181,K1168,Amsterdam ,NL,11/01/25,Vitamine D3 25mcg,OTC,32,7.39,0.0,236.48,,4,3.7,nee,0
ORD-101946,K1028,UTRECHT,NL,20-06-2025,Paracetamol 500mg,OTC,4,1.86,10.0,6.7,vooruitbetaling,4,3.9,nee,0
ORD-101775,K1101,rotterdam,NL,2025-10-28,Vitamine D3 25mcg,OTC,33,7.31,5.0,229.17,factuur,4,1.1,nee,0
ORD-101642,K1032,Maastricht,NL,2025-06-15,Omeprazol 20mg,Rx,17,5.24,20.0,71.26,creditcard,4,4.5,ja,1
ORD-100114,K1042,Maastricht,NL,21/07/25,Simvastatine 40mg,Rx,23,4.19,15.0,81.91,vooruitbetaling,4,2.1,nee,0
ORD-100790,K1049,Utrceht,NL,16/09/25,Salbutamol inhalator,Rx,17,18.55,,315.35,incasso,4,1.0,ja,0
ORD-102340,K1034,den haag,NL,2025-04-18,Metformine 850mg,Rx,10,4.08,10.0,36.72,incasso,4,1.6,nee,0
ORD-101384,K1048,Gent,BEL,2025-03-17,Simvastatine 40mg,Rx,45,3.94,20.0,141.84,creditcard,4,4.1,ja,1
ORD-100896,K1077,antwerpen,Belgie,2025-04-24,Amoxicilline 250mg,Rx,19,6.74,0.0,128.06,incasso,4,2.9,nee,0
ORD-100220,K1080,Utrceht,NL,2025-01-18,Vitamine D3 25mcg,OTC,10,7.13,10.0,64.17,creditcard,4,3.0,nee,0
ORD-100514,K1061,Groningen,NL,21-01-2025,Omeprazol 20mg,Rx,30,5.15,5.0,146.78,vooruitbetaling,4,3.2,nee,0
ORD-100150,K1160,Rotterdam,NL,2025-08-28,Paracetamol 500mg,OTC,11,1.88,0.0,20.68,factuur,4,3.5,nee,0
ORD-100715,K1085,Zwolle,NL,01/02/25,Ibuprofen 400mg,OTC,78,2.5,0.0,195.0,incasso,4,4.9,ja,1
ORD-102292,K1035,Amsterdam ,NL,2025-06-15,Omeprazol 20mg,Rx,28,5.12,0.0,143.36,creditcard,4,1.9,nee,0
ORD-101300,K1128,Zwolle,NL,21/01/25,Amoxicilline 250mg,Rx,12,6.66,0.0,79.92,creditcard,4,2.6,nee,0
ORD-100953,K1016,Rotterdam,NL,26/02/25,Metformine 850mg,Rx,17,4.43,15.0,64.01,vooruitbetaling,4,2.7,nee,0
ORD-100862,K1045,Amsterdam ,NL,13-05-2025,Simvastatine 40mg,Rx,26,4.05,0.0,105.3,creditcard,4,2.7,nee,0
ORD-101972,K1147,Groningen,NL,2025-05-29,Vitamine D3 25mcg,OTC,21,7.57,5.0,151.02,vooruitbetaling,4,2.3,nee,0
ORD-101902,K1051,Groningen,NL,29-09-2025,Ibuprofen 400mg,OTC,15,2.49,0.0,37.35,factuur,4,3.7,nee,0
ORD-101222,K1136,Den Haag,NL,12-06-2025,Amoxicilline 250mg,Rx,6,6.6,5.0,37.62,incasso,4,1.4,nee,0
ORD-100188,K1018,Maastricht,NL,2025-10-08,Ibuprofen 400mg,OTC,61,2.46,0.0,150.06,factuur,4,2.0,nee,0
ORD-100923,K1170,Amsterdam ,NL,2025-08-22,Amoxicilline 250mg,Rx,23,6.84,20.0,125.86,factuur,4,3.4,nee,0
ORD-101959,K1052,Groningen,NL,02/04/25,Paracetamol 500mg,OTC,84,1.79,20.0,120.29,incasso,4,1.6,ja,0
ORD-102366,K1004,Groningen,NL,2025-01-15,Insuline pen,Koelketen,18,41.76,5.0,714.1,vooruitbetaling,6,4.1,nee,0
ORD-101785,K1075,Amsterdam,NL,2025-07-28,Paracetamol 500mg,OTC,18,1.72,10.0,27.86,factuur,4,1.3,nee,0
ORD-102218,K1053,Rotterdam,NL,16/05/25,Vitamine D3 25mcg,OTC,15,7.32,,104.31,,4,1.0,nee,0
ORD-101054,K1032,Antwerpen,BEL,2025-10-15,Omeprazol 20mg,Rx,35,4.92,5.0,163.59,factuur,4,2.0,nee,0
ORD-101834,K1067,Den  Haag,NL,29/08/25,Salbutamol inhalator,Rx,39,18.14,15.0,601.34,factuur,4,4.0,nee,0
ORD-102290,K1081,Maastricht,NL,2025-08-30,Salbutamol inhalator,Rx,6,17.72,10.0,95.69,vooruitbetaling,4,2.0,nee,0
ORD-102285,K1177,Eindhoven,NL,2025-08-05,Metformine 850mg,Rx,7,4.03,20.0,22.57,creditcard,4,1.8,nee,0
ORD-100268,K1148,Eindhoven,NL,22/07/25,Paracetamol 500mg,OTC,13,1.71,10.0,20.01,vooruitbetaling,4,,nee,0
ORD-100308,K1120,Anvers,BE,04/11/25,Ibuprofen 400mg,OTC,19,2.44,5.0,44.04,creditcard,4,1.0,nee,0
ORD-101861,K1053,Antwerpen,BE,2025-09-17,Salbutamol inhalator,Rx,14,19.24,,228.96,incasso,4,,nee,0
ORD-101460,K1178,UTRECHT,NL,23-09-2025,Levothyroxine 50mcg,Rx,22,3.02,20.0,53.15,creditcard,4,1.4,nee,0
ORD-102235,K1117,Zwolle,NL,2025-11-18,Salbutamol inhalator,Rx,58,18.99,10.0,991.28,factuur,4,3.4,nee,0
ORD-100821,K1168,Utrceht,NL,2025-04-16,Insuline pen,Koelketen,63,41.04,5.0,2456.24,incasso,6,,nee,0
ORD-102374,K1109,Den  Haag,NL,15/05/25,Metformine 850mg,Rx,43,4.29,20.0,147.58,factuur,4,2.0,nee,0
ORD-100107,K1021,Den Haag,NL,24/01/25,Salbutamol inhalator,Rx,14,18.81,5.0,250.17,creditcard,4,2.7,nee,0
ORD-101860,K1109,Anvers,BEL,29/06/25,Amoxicilline 250mg,Rx,20,6.83,15.0,116.11,incasso,4,4.0,nee,0
ORD-102271,K1079,Amsterdam ,NL,2025-08-13,Vitamine D3 25mcg,OTC,94,7.54,5.0,673.32,factuur,4,2.4,nee,0
ORD-101306,K1089,Groningen,NL,26-03-2025,Simvastatine 40mg,Rx,56,4.04,,203.62,vooruitbetaling,4,1.7,nee,0
ORD-100457,K1160,Groningen,NL,16-01-2025,Omeprazol 20mg,Rx,17,5.06,0.0,86.02,vooruitbetaling,4,2.5,nee,0
ORD-102115,K1054,Groningen,NL,26-04-2025,Levothyroxine 50mcg,Rx,25,3.0,10.0,67.5,incasso,4,3.3,nee,0
ORD-100706,K1151,Eindhoven,NL,2025-08-31,Salbutamol inhalator,Rx,5,18.77,15.0,79.77,vooruitbetaling,4,1.0,nee,0
ORD-102397,K1109,utrecht,NL,24/06/25,Salbutamol inhalator,Rx,16,18.25,10.0,262.8,,4,2.8,nee,0
ORD-100092,K1157,Zwolle,NL,2025-03-06,Levothyroxine 50mcg,Rx,7,3.05,0.0,21.35,factuur,4,2.2,nee,0
ORD-100816,K1161,Maastricht,NL,09-08-2025,Paracetamol 500mg,OTC,98,1.85,5.0,172.24,creditcard,4,3.8,nee,0
ORD-102339,K1027,utrecht,NL,22/06/25,Metformine 850mg,Rx,29,4.02,20.0,93.26,creditcard,4,4.3,nee,1
ORD-100855,K1113,UTRECHT,NL,11-03-2025,Metformine 850mg,Rx,14,4.17,10.0,52.54,vooruitbetaling,4,1.4,nee,0
ORD-100869,K1001,Gent,BEL,2025-04-08,Metformine 850mg,Rx,38,4.3,10.0,147.06,incasso,4,4.1,ja,1
ORD-101025,K1063,Zwolle,NL,08/04/25,Ibuprofen 400mg,OTC,12,2.49,10.0,26.89,vooruitbetaling,4,2.4,nee,0
ORD-100142,K1092,Den  Haag,NL,2025-08-30,Ibuprofen 400mg,OTC,18,2.44,5.0,41.72,vooruitbetaling,4,2.6,nee,0
ORD-101377,K1131,,NL,2025-05-03,Salbutamol inhalator,Rx,27,18.07,10.0,439.1,creditcard,4,3.9,nee,0
ORD-100162,K1173,Amsterdam ,NL,12-06-2025,Ibuprofen 400mg,OTC,21,2.48,15.0,44.27,creditcard,4,3.8,nee,0
ORD-101770,K1157,Eindhoven,NL,2025-11-21,Metformine 850mg,Rx,18,4.28,20.0,61.63,factuur,4,1.5,nee,0
ORD-100861,K1135,Eindhoven,NL,02-08-2025,Amoxicilline 250mg,Rx,25,6.93,0.0,173.25,vooruitbetaling,4,1.7,nee,0
ORD-101883,K1139,Utrecht ,NL,11/09/25,Insuline pen,Koelketen,136,42.05,0.0,5718.8,,6,3.7,nee,0
ORD-100616,K1124,Groningen,NL,2025-06-27,Salbutamol inhalator,Rx,20,17.39,5.0,330.41,creditcard,4,4.3,ja,1
ORD-100570,K1013,Utrecht ,NL,24-09-2025,Levothyroxine 50mcg,Rx,38,3.03,,115.14,factuur,4,2.5,nee,0
ORD-100710,K1161,amsterdam,NL,05/10/25,Vitamine D3 25mcg,OTC,85,7.48,15.0,540.43,factuur,4,1.0,nee,0
ORD-102020,K1042,Amsterdam,NL,26/09/25,Insuline pen,Koelketen,5,40.56,20.0,162.24,incasso,6,4.2,nee,0
ORD-100931,K1038,Gent,Belgie,04-03-2025,Ibuprofen 400mg,OTC,24,2.51,5.0,57.23,vooruitbetaling,4,1.7,nee,0
ORD-100327,K1050,Zwolle,NL,29/11/25,Metformine 850mg,Rx,60,4.31,20.0,206.88,vooruitbetaling,4,5.3,ja,1
ORD-100579,K1106,Maastricht,NL,2025-03-09,Levothyroxine 50mcg,Rx,33,3.14,5.0,98.44,factuur,4,4.2,ja,1
ORD-100857,K1073,Amsterdam,NL,11/08/25,Insuline pen,Koelketen,8,42.33,10.0,304.78,vooruitbetaling,6,5.9,nee,0
ORD-100925,K1011,antwerpen,Belgie,2025-11-26,Ibuprofen 400mg,OTC,16,2.43,0.0,38.88,factuur,4,3.0,nee,0
ORD-101001,K1096,Zwolle,NL,2025-11-13,Ibuprofen 400mg,OTC,10,2.3,10.0,20.7,creditcard,4,2.0,nee,0
ORD-100951,K1034,rotterdam,NL,2025-05-25,Salbutamol inhalator,Rx,10,18.72,0.0,187.2,,4,1.2,nee,0
ORD-100244,K1050,Eindhoven,NL,14-02-2025,Vitamine D3 25mcg,OTC,6,7.51,5.0,42.81,factuur,4,5.4,ja,1
ORD-100321,K1103,Maastricht,NL,26/06/25,Simvastatine 40mg,Rx,74,4.03,20.0,238.58,creditcard,4,4.4,ja,1
ORD-100787,K1042,Utrecht,NL,27/07/25,Insuline pen,Koelketen,19,41.31,,667.16,vooruitbetaling,6,6.6,ja,1
ORD-101691,K1132,UTRECHT,NL,16/08/25,Vitamine D3 25mcg,OTC,10,7.35,0.0,73.5,incasso,4,1.7,nee,0
ORD-102263,K1020,Groningen,NL,04-04-2025,Ibuprofen 400mg,OTC,110,2.39,0.0,262.9,vooruitbetaling,4,3.8,nee,0
ORD-101369,K1059,Utrecht ,NL,01/09/25,Vitamine D3 25mcg,OTC,9,7.22,10.0,58.48,incasso,4,3.4,nee,0
ORD-101675,K1140,Utrecht,NL,26/03/25,Ibuprofen 400mg,OTC,7,2.4,10.0,15.12,,4,2.7,nee,0
ORD-102155,K1041,Zwolle,NL,2025-05-02,Ibuprofen 400mg,OTC,139,2.43,0.0,337.77,,4,3.4,nee,0
ORD-100881,K1037,UTRECHT,NL,14/11/25,Omeprazol 20mg,Rx,17,4.95,15.0,71.53,factuur,4,4.2,nee,1
ORD-102346,K1144,Utrecht ,NL,2025-04-21,Metformine 850mg,Rx,10,4.14,10.0,37.26,incasso,4,2.0,ja,0
ORD-101198,K1013,antwerpen,Belgie,23-08-2025,Levothyroxine 50mcg,Rx,92,3.1,10.0,256.68,vooruitbetaling,4,2.6,nee,0
ORD-101030,K1094,Groningen,NL,26/04/25,Ibuprofen 400mg,OTC,18,2.41,15.0,36.87,vooruitbetaling,4,1.9,nee,0
ORD-102392,K1061,Zwolle,NL,17-03-2025,Vitamine D3 25mcg,OTC,65,7.11,0.0,462.15,creditcard,4,1.1,nee,0
ORD-100884,K1139,Utrceht,NL,25/10/25,Salbutamol inhalator,Rx,37,18.03,15.0,567.04,vooruitbetaling,4,3.2,nee,0
ORD-101796,K1043,Groningen,NL,2025-07-22,Amoxicilline 250mg,Rx,41,7.12,10.0,262.73,factuur,4,2.2,nee,0
ORD-100519,K1047,A'dam,NL,05/07/25,Vitamine D3 25mcg,OTC,53,7.57,0.0,401.21,factuur,4,1.0,nee,0
ORD-101975,K1148,Maastricht,NL,2025-09-27,Vitamine D3 25mcg,OTC,4,7.21,10.0,25.96,vooruitbetaling,4,2.4,nee,0
ORD-100844,K1133,rotterdam,NL,14-06-2025,Simvastatine 40mg,Rx,79,3.85,15.0,258.53,vooruitbetaling,4,,nee,0
ORD-101394,K1174,Groningen,NL,2025-08-28,Ibuprofen 400mg,OTC,31,2.43,10.0,67.8,creditcard,4,3.5,nee,0
ORD-101404,K1109,UTRECHT,NL,03-09-2025,Insuline pen,Koelketen,10,39.7,5.0,377.15,incasso,6,3.6,nee,0
ORD-101840,K1109,Amsterdam ,NL,2025-12-01,Paracetamol 500mg,OTC,50,1.84,15.0,78.2,incasso,4,3.8,nee,0
ORD-100255,K1019,Eindhoven,NL,2025-11-07,Insuline pen,Koelketen,29,41.48,0.0,1202.92,vooruitbetaling,6,7.0,nee,1
ORD-100235,K1140,A'dam,NL,01/02/25,Paracetamol 500mg,OTC,49,1.82,10.0,80.26,creditcard,4,4.1,ja,1
ORD-101804,K1158,amsterdam,NL,21-08-2025,Metformine 850mg,Rx,12,3.82,0.0,45.84,factuur,4,2.7,nee,0
ORD-100343,K1179,Groningen,NL,2025-08-15,Salbutamol inhalator,Rx,14,18.07,15.0,215.03,incasso,4,2.1,nee,0
ORD-100338,K1153,utrecht,NL,18/03/25,Paracetamol 500mg,OTC,25,1.92,10.0,43.2,creditcard,4,,ja,0
ORD-101989,K1057,utrecht,NL,2025-06-21,Ibuprofen 400mg,OTC,45,2.42,15.0,92.56,creditcard,4,5.0,nee,1
ORD-100990,K1140,Eindhoven,NL,21-08-2025,Ibuprofen 400mg,OTC,48,2.6,0.0,124.8,creditcard,4,3.1,nee,0
ORD-101488,K1073,Utrecht ,NL,2025-02-18,Paracetamol 500mg,OTC,11,1.84,0.0,20.24,creditcard,4,2.5,nee,0
ORD-101999,K1091,,NL,2025-04-03,Salbutamol inhalator,Rx,18,19.05,10.0,308.61,factuur,4,1.0,nee,0
ORD-101228,K1040,Utrceht,NL,2025-08-31,Salbutamol inhalator,Rx,14,18.3,,256.2,incasso,4,2.1,nee,0
ORD-101144,K1072,Rotterdam,NL,2025-09-08,Metformine 850mg,Rx,28,4.31,0.0,120.68,creditcard,4,1.8,nee,0
ORD-100207,K1083,Rotterdam,NL,2025-10-22,Levothyroxine 50mcg,Rx,21,3.15,0.0,66.15,factuur,4,3.3,nee,0
ORD-101774,K1033,Rotterdam,NL,09-06-2025,Paracetamol 500mg,OTC,33,1.82,10.0,54.05,creditcard,4,2.9,nee,0
ORD-101066,K1169,rotterdam,NL,06/11/25,Amoxicilline 250mg,Rx,46,7.05,20.0,259.44,factuur,4,1.8,nee,0
ORD-100593,K1153,Maastricht,NL,07-08-2025,Paracetamol 500mg,OTC,14,1.9,5.0,25.27,incasso,4,1.0,nee,0
ORD-100656,K1008,Eindhoven,NL,26-06-2025,Vitamine D3 25mcg,OTC,66,7.52,,446.69,vooruitbetaling,4,2.7,nee,0
ORD-101034,K1079,utrecht,NL,22/06/25,Vitamine D3 25mcg,OTC,7,7.05,0.0,56.86,creditcard,4,3.3,nee,0
ORD-102368,K1053,Groningen,NL,02/05/25,Paracetamol 500mg,OTC,43,1.87,10.0,72.37,incasso,4,3.1,nee,0
ORD-101452,K1160,Antwerpen,BE,26/08/25,Simvastatine 40mg,Rx,8,3.88,0.0,31.04,factuur,4,1.0,nee,0
ORD-102073,K1171,Rotterdam,NL,23-08-2025,Levothyroxine 50mcg,Rx,6,3.16,5.0,18.01,factuur,4,2.2,ja,0
ORD-100796,K1049,Eindhoven,NL,2025-01-29,Paracetamol 500mg,OTC,9,1.85,10.0,14.99,,4,2.8,nee,0
ORD-101415,K1039,amsterdam,NL,28/06/25,Ibuprofen 400mg,OTC,133,2.37,0.0,315.21,incasso,4,4.8,ja,1
ORD-100178,K1004,Den  Haag,NL,2025-08-05,Vitamine D3 25mcg,OTC,39,7.57,,280.47,vooruitbetaling,4,3.6,nee,0
ORD-101743,K1161,Amsterdam ,NL,2025-03-19,Vitamine D3 25mcg,OTC,79,7.73,0.0,610.67,vooruitbetaling,4,3.7,nee,0
ORD-100535,K1051,Rotterdam,NL,2025-03-04,Salbutamol inhalator,Rx,69,18.36,5.0,1517.41,factuur,4,4.7,nee,1
ORD-100608,K1045,Utrecht,NL,24/07/25,Omeprazol 20mg,Rx,21,5.17,0.0,108.57,factuur,4,1.9,nee,0
ORD-100001,K1110,UTRECHT,NL,27-01-2025,Simvastatine 40mg,Rx,119,3.86,20.0,367.47,incasso,4,,nee,0
ORD-100335,K1014,amsterdam,NL,2025-04-28,Vitamine D3 25mcg,OTC,14,7.41,20.0,82.99,factuur,4,1.3,nee,0
ORD-101783,K1069,Gent,BE,22-01-2025,Metformine 850mg,Rx,29,4.28,0.0,124.12,creditcard,4,2.1,nee,0
ORD-101352,K1021,Eindhoven,NL,02-09-2025,Ibuprofen 400mg,OTC,54,2.38,10.0,115.67,factuur,4,1.7,nee,0
ORD-100648,K1054,Den Haag,NL,2025-01-27,Vitamine D3 25mcg,OTC,41,7.44,5.0,289.79,factuur,4,,nee,0
ORD-100559,K1159,Den  Haag,NL,02-11-2025,Paracetamol 500mg,OTC,23,1.9,0.0,43.7,vooruitbetaling,4,1.0,nee,0
ORD-102011,K1154,Utrceht,NL,2025-01-24,Amoxicilline 250mg,Rx,28,6.82,10.0,171.86,vooruitbetaling,4,4.6,nee,1
ORD-100187,K1037,Amsterdam ,NL,2025-10-17,Ibuprofen 400mg,OTC,40,2.25,0.0,90.0,incasso,4,3.0,nee,0
ORD-102309,K1003,UTRECHT,NL,2025-01-10,Simvastatine 40mg,Rx,84,3.88,15.0,277.03,factuur,4,2.2,nee,0
ORD-100231,K1145,UTRECHT,NL,11-07-2025,Levothyroxine 50mcg,Rx,24,3.24,,77.76,factuur,4,1.4,ja,0
ORD-101935,K1066,Groningen,NL,24/08/25,Paracetamol 500mg,OTC,20,1.91,10.0,34.38,factuur,4,2.0,nee,0
ORD-100774,K1136,UTRECHT,NL,24-02-2025,Levothyroxine 50mcg,Rx,14,3.11,,43.54,vooruitbetaling,4,1.0,nee,0
ORD-100799,K1078,Anvers,Belgie,2025-09-23,Levothyroxine 50mcg,Rx,94,3.24,0.0,304.56,creditcard,4,2.9,nee,0
ORD-101379,K1007,Zwolle,NL,2025-01-22,Paracetamol 500mg,OTC,6,1.82,5.0,10.37,creditcard,4,2.4,nee,0
ORD-100755,K1023,Den Haag,NL,11-02-2025,Levothyroxine 50mcg,Rx,24,3.1,5.0,70.68,incasso,4,1.1,nee,0
ORD-100614,K1043,Rotterdam,NL,2025-04-22,Simvastatine 40mg,Rx,3,3.8,0.0,11.4,vooruitbetaling,4,2.2,nee,0
ORD-102176,K1028,Anvers,BEL,01-06-2025,Metformine 850mg,Rx,26,4.21,0.0,109.46,vooruitbetaling,4,3.2,nee,0
ORD-101257,K1108,den haag,NL,15/05/25,Metformine 850mg,Rx,11,4.39,0.0,48.29,factuur,4,1.1,nee,0
ORD-101233,K1117,Groningen,NL,01/12/25,Omeprazol 20mg,Rx,37,4.89,15.0,153.79,creditcard,4,4.1,nee,1
ORD-100386,K1120,'s-Gravenhage,NL,2025-06-25,Vitamine D3 25mcg,OTC,7,7.63,0.0,53.41,incasso,4,2.4,nee,0
ORD-100186,K1089,Utrecht,NL,04/05/25,Salbutamol inhalator,Rx,44,18.42,0.0,810.48,factuur,4,2.0,nee,0
ORD-101210,K1114,antwerpen,BEL,2025-03-14,Salbutamol inhalator,Rx,7,17.88,15.0,106.39,factuur,4,2.9,nee,0
ORD-101845,K1011,A'dam,NL,24-06-2025,Insuline pen,Koelketen,9,41.73,5.0,356.79,vooruitbetaling,6,5.0,nee,0
ORD-100904,K1070,den haag,NL,29-05-2025,Amoxicilline 250mg,Rx,17,6.61,0.0,112.37,incasso,4,2.0,nee,0
ORD-102185,K1036,rotterdam,NL,04/06/25,Amoxicilline 250mg,Rx,55,6.75,,913.16,factuur,4,2.8,nee,0
ORD-100252,K1130,Amsterdam,NL,14-11-2025,Simvastatine 40mg,Rx,16,4.07,0.0,65.12,factuur,4,1.5,nee,0
ORD-101589,K1164,Utrecht,NL,2025-11-05,Ibuprofen 400mg,OTC,13,2.27,10.0,26.56,incasso,4,2.9,nee,0
ORD-100678,K1166,Gent,BEL,2025-02-21,Metformine 850mg,Rx,36,4.15,5.0,141.93,factuur,4,3.1,nee,0
ORD-101800,K1013,Antwerpen,BE,11/05/25,Vitamine D3 25mcg,OTC,48,7.19,10.0,310.61,vooruitbetaling,4,3.1,nee,0
ORD-100598,K1139,Gent,BE,26/03/25,Simvastatine 40mg,Rx,87,3.79,20.0,263.78,creditcard,4,1.4,nee,0
ORD-100316,K1124,Den  Haag,NL,29-07-2025,Metformine 850mg,Rx,162,4.15,0.0,672.3,factuur,4,2.0,nee,0
ORD-100937,K1095,Gent,BEL,27/03/25,Ibuprofen 400mg,OTC,15,2.37,0.0,35.55,factuur,4,5.2,ja,1
ORD-101147,K1166,rotterdam,NL,09-02-2025,Ibuprofen 400mg,OTC,25,2.48,0.0,62.0,vooruitbetaling,4,1.4,nee,0
ORD-102165,K1092,Eindhoven,NL,2025-05-03,Insuline pen,Koelketen,7,43.52,5.0,289.41,factuur,6,5.4,nee,0
ORD-102057,K1028,Rotterdam,NL,2025-06-07,Insuline pen,Koelketen,46,44.28,0.0,2036.88,factuur,6,6.7,ja,1
ORD-101915,K1001,Rotterdam,NL,2025-05-21,Salbutamol inhalator,Rx,23,19.12,0.0,439.76,creditcard,4,2.4,nee,0
ORD-101965,K1108,Utrceht,NL,15/08/25,Amoxicilline 250mg,Rx,55,6.67,10.0,330.16,incasso,4,4.4,ja,1
ORD-100635,K1061,Antwerpen,BEL,2025-05-08,Simvastatine 40mg,Rx,16,3.77,0.0,60.32,vooruitbetaling,4,1.3,nee,0
ORD-101700,K1130,Utrceht,NL,09-11-2025,Omeprazol 20mg,Rx,23,5.34,10.0,110.54,factuur,4,3.8,nee,0
ORD-101501,K1080,Groningen,NL,2025-07-30,Ibuprofen 400mg,OTC,21,2.34,10.0,44.23,incasso,4,1.0,nee,0
ORD-101344,K1086,amsterdam,NL,27-09-2025,Omeprazol 20mg,Rx,10,5.21,5.0,49.5,factuur,4,1.5,nee,0
ORD-101807,K1116,Den  Haag,NL,29-03-2025,Levothyroxine 50mcg,Rx,117,3.08,20.0,288.29,vooruitbetaling,4,5.8,ja,1
ORD-100743,K1170,UTRECHT,NL,15/03/25,Levothyroxine 50mcg,Rx,133,3.18,10.0,380.65,incasso,4,4.9,nee,1
ORD-101910,K1172,Zwolle,NL,23/06/25,Simvastatine 40mg,Rx,33,4.01,10.0,119.1,incasso,4,3.0,nee,0
ORD-102093,K1120,Maastricht,NL,2025-05-29,Omeprazol 20mg,Rx,13,5.06,10.0,59.2,factuur,4,1.5,nee,0
ORD-100152,K1136,Den  Haag,NL,16/06/25,Levothyroxine 50mcg,Rx,33,3.26,20.0,86.06,vooruitbetaling,4,3.5,nee,0
ORD-100971,K1103,Amsterdam,NL,01/08/25,Salbutamol inhalator,Rx,83,19.03,15.0,1342.57,creditcard,4,5.4,ja,1
ORD-101515,K1003,Rotterdam,NL,23-01-2025,Paracetamol 500mg,OTC,18,1.83,10.0,29.65,incasso,4,1.7,ja,0
ORD-100761,K1010,Utrceht,NL,2025-02-25,Ibuprofen 400mg,OTC,14,2.46,0.0,34.44,creditcard,4,1.9,nee,0
ORD-100477,K1162,Groningen,NL,19/06/25,Paracetamol 500mg,OTC,67,1.88,0.0,125.96,,4,2.7,nee,0
ORD-100984,K1099,Amsterdam,NL,14/11/25,Amoxicilline 250mg,Rx,39,6.81,0.0,265.59,factuur,4,3.2,nee,0
ORD-101670,K1098,Gent,BE,12/03/25,Vitamine D3 25mcg,OTC,25,7.17,5.0,170.29,vooruitbetaling,4,2.0,nee,0
ORD-100262,K1165,Amsterdam,NL,18-06-2025,Omeprazol 20mg,Rx,38,5.09,10.0,174.08,,4,2.2,nee,0
ORD-101081,K1129,Groningen,NL,2025-03-23,Omeprazol 20mg,Rx,26,5.26,15.0,116.25,factuur,4,2.1,nee,0
ORD-100429,K1116,Amsterdam,NL,2025-01-23,Levothyroxine 50mcg,Rx,4,3.17,0.0,12.68,creditcard,4,2.5,nee,0
ORD-100249,K1069,Anvers,Belgie,03/08/25,Levothyroxine 50mcg,Rx,11,3.18,10.0,31.48,factuur,4,2.7,nee,0
ORD-100019,K1168,Amsterdam,NL,13-04-2025,Amoxicilline 250mg,Rx,31,6.68,15.0,176.02,incasso,4,3.1,nee,0
ORD-102037,K1113,Anvers,BEL,2025-06-18,Omeprazol 20mg,Rx,16,4.96,15.0,67.46,incasso,4,1.0,nee,0
ORD-101237,K1096,Rotterdam,NL,12-09-2025,Levothyroxine 50mcg,Rx,5,2.97,,14.85,incasso,4,5.4,ja,1
ORD-102277,K1080,Rotterdam,NL,05-05-2025,Simvastatine 40mg,Rx,8,3.97,0.0,31.76,factuur,4,2.2,nee,0
ORD-101594,K1155,Utrecht,NL,2025-10-02,Paracetamol 500mg,OTC,5,1.88,0.0,9.4,creditcard,4,1.0,nee,0
ORD-101347,K1108,Zwolle,NL,03-04-2025,Metformine 850mg,Rx,32,4.28,15.0,116.42,vooruitbetaling,4,4.4,ja,1
ORD-102097,K1132,Amsterdam ,NL,2025-01-25,Paracetamol 500mg,OTC,30,1.83,,54.9,vooruitbetaling,4,3.5,nee,0
ORD-102371,K1080,den haag,NL,04-03-2025,Simvastatine 40mg,Rx,19,4.01,5.0,72.38,vooruitbetaling,4,1.7,ja,0
ORD-100921,K1143,Eindhoven,NL,2025-06-14,Paracetamol 500mg,OTC,18,1.8,20.0,25.92,vooruitbetaling,4,2.7,nee,0
ORD-100818,K1048,Den Haag,NL,18/04/25,Metformine 850mg,Rx,18,3.96,10.0,64.15,incasso,4,3.9,nee,0
ORD-101588,K1028,rotterdam,NL,09/06/25,Vitamine D3 25mcg,OTC,5,7.18,10.0,32.31,incasso,4,1.0,nee,0
ORD-100353,K1018,Maastricht,NL,14/09/25,Vitamine D3 25mcg,OTC,111,7.14,0.0,792.54,incasso,4,2.1,nee,0
ORD-100520,K1160,amsterdam,NL,19/10/25,Levothyroxine 50mcg,Rx,339,3.06,10.0,933.61,factuur,4,6.2,ja,1
ORD-101297,K1009,rotterdam,NL,2025-08-06,Vitamine D3 25mcg,OTC,13,6.93,5.0,85.59,factuur,4,4.1,ja,1
ORD-100015,K1165,Groningen,NL,2025-07-02,Omeprazol 20mg,Rx,12,5.29,10.0,57.13,vooruitbetaling,4,3.0,nee,0
ORD-101258,K1088,Eindhoven,NL,2025-11-25,Levothyroxine 50mcg,Rx,4,3.13,10.0,11.27,factuur,4,1.3,nee,0
ORD-100842,K1163,Eindhoven,NL,07/11/25,Vitamine D3 25mcg,OTC,16,7.25,0.0,116.0,vooruitbetaling,4,5.0,ja,1
ORD-100564,K1062,Utrceht,NL,21-09-2025,Metformine 850mg,Rx,40,4.27,10.0,153.72,incasso,4,,ja,1
ORD-101652,K1079,Zwolle,NL,25-02-2025,Levothyroxine 50mcg,Rx,7,3.02,5.0,20.08,factuur,4,1.9,nee,0
ORD-101576,K1077,amsterdam,NL,14/11/25,Ibuprofen 400mg,OTC,15,2.51,0.0,37.65,vooruitbetaling,4,2.6,nee,0
ORD-100051,K1118,Groningen,NL,2025-04-02,Ibuprofen 400mg,OTC,114,2.36,0.0,269.04,creditcard,4,3.8,nee,0
ORD-102295,K1107,Maastricht,NL,30/09/25,Salbutamol inhalator,Rx,12,17.88,5.0,203.83,creditcard,4,2.7,nee,0
ORD-102195,K1011,Maastricht,NL,16-10-2025,Simvastatine 40mg,Rx,25,3.87,0.0,96.75,creditcard,4,1.5,nee,0
ORD-100394,K1176,UTRECHT,NL,2025-11-03,Metformine 850mg,Rx,18,4.36,0.0,78.48,vooruitbetaling,4,1.4,nee,0
ORD-101405,K1013,antwerpen,Belgie,24/11/25,Levothyroxine 50mcg,Rx,31,3.02,15.0,79.58,factuur,4,2.1,nee,0
ORD-100831,K1137,Antwerpen,BEL,24-10-2025,Vitamine D3 25mcg,OTC,10,7.53,10.0,67.77,vooruitbetaling,4,4.5,nee,1
ORD-100447,K1103,amsterdam,NL,11/03/25,Vitamine D3 25mcg,OTC,37,7.31,,270.47,creditcard,4,3.2,nee,0
ORD-100971,K1103,Amsterdam,NL,01/08/25,Salbutamol inhalator,Rx,83,19.03,15.0,1342.57,creditcard,4,5.4,ja,1
ORD-102129,K1006,UTRECHT,NL,19-03-2025,Metformine 850mg,Rx,7,4.31,0.0,30.17,factuur,4,1.3,nee,0
ORD-102052,K1071,utrecht,NL,15-02-2025,Salbutamol inhalator,Rx,19,17.4,5.0,314.07,incasso,4,4.0,nee,1
ORD-100042,K1001,A'dam,NL,26/07/25,Vitamine D3 25mcg,OTC,16,7.44,0.0,119.04,vooruitbetaling,4,2.5,nee,0
ORD-102257,K1092,'s-Gravenhage,NL,05-04-2025,Amoxicilline 250mg,Rx,24,6.67,0.0,160.08,creditcard,4,3.0,nee,0
ORD-102051,K1119,Utrecht,NL,26-04-2025,Salbutamol inhalator,Rx,66,18.54,5.0,1162.46,vooruitbetaling,4,5.5,nee,1
ORD-100430,K1054,Amsterdam ,NL,12/05/25,Vitamine D3 25mcg,OTC,10,7.11,0.0,71.1,factuur,4,3.8,nee,0
ORD-100075,K1090,UTRECHT,NL,19-10-2025,Salbutamol inhalator,Rx,41,18.74,10.0,691.51,incasso,4,3.4,nee,0
ORD-101251,K1090,Amsterdam,NL,10-05-2025,Salbutamol inhalator,Rx,86,18.02,0.0,1549.72,,4,5.1,ja,1
ORD-100638,K1073,Amsterdam,NL,05-11-2025,Metformine 850mg,Rx,21,4.37,15.0,78.0,creditcard,4,1.2,nee,0
ORD-101317,K1051,Den  Haag,NL,03-03-2025,Amoxicilline 250mg,Rx,17,7.05,0.0,119.85,incasso,4,1.0,nee,0
ORD-101272,K1134,amsterdam,NL,2025-08-10,Omeprazol 20mg,Rx,42,5.36,5.0,213.86,factuur,4,4.5,ja,1
ORD-101482,K1009,utrecht,NL,02-07-2025,Metformine 850mg,Rx,41,4.26,0.0,174.66,incasso,4,3.1,nee,0
ORD-101176,K1081,den haag,NL,22-08-2025,Simvastatine 40mg,Rx,27,4.16,0.0,112.32,vooruitbetaling,4,2.6,nee,0
ORD-100352,K1035,Rotterdam,NL,18/04/25,Ibuprofen 400mg,OTC,6,2.41,15.0,12.29,creditcard,4,2.1,nee,0
ORD-101693,K1039,Eindhoven,NL,2025-06-14,Ibuprofen 400mg,OTC,32,2.38,20.0,60.93,factuur,4,3.1,nee,0
ORD-101859,K1071,UTRECHT,NL,29-03-2025,Vitamine D3 25mcg,OTC,5,7.48,0.0,37.4,vooruitbetaling,4,3.8,nee,0
ORD-101716,K1176,Zwolle,NL,30/11/25,Vitamine D3 25mcg,OTC,4,7.31,0.0,29.24,vooruitbetaling,4,4.7,ja,1
ORD-102172,K1045,Maastricht,NL,14-08-2025,Ibuprofen 400mg,OTC,0,2.37,0.0,71.1,creditcard,4,2.3,nee,0
ORD-100119,K1120,rotterdam,NL,2025-03-30,Simvastatine 40mg,Rx,33,3.95,10.0,117.32,factuur,4,4.0,ja,1
ORD-101282,K1086,utrecht,NL,08-07-2025,Omeprazol 20mg,Rx,5,4.94,10.0,22.23,creditcard,4,1.4,nee,0
ORD-101435,K1057,utrecht,NL,2025-02-26,Ibuprofen 400mg,OTC,3,2.45,0.0,7.35,factuur,4,3.8,nee,0
ORD-100746,K1073,Amsterdam ,NL,23/03/25,Metformine 850mg,Rx,53,4.24,15.0,191.01,incasso,4,2.8,nee,0
ORD-101432,K1134,Eindhoven,NL,19-09-2025,Simvastatine 40mg,Rx,9,3.92,,35.28,factuur,4,3.5,nee,0
ORD-101869,K1038,Eindhoven,NL,19/11/25,Paracetamol 500mg,OTC,48,1.83,0.0,87.84,vooruitbetaling,4,2.5,nee,0
ORD-101542,K1071,Rotterdam,NL,04/09/25,Paracetamol 500mg,OTC,232,1.82,10.0,380.02,incasso,4,3.1,nee,0
ORD-100956,K1173,Groningen,NL,07/06/25,Metformine 850mg,Rx,47,4.29,0.0,201.63,,4,2.4,nee,0
ORD-100851,K1076,A'dam,NL,29-05-2025,Ibuprofen 400mg,OTC,24,2.43,15.0,49.57,factuur,4,3.2,nee,0
ORD-102107,K1015,antwerpen,Belgie,2025-08-18,Omeprazol 20mg,Rx,27,5.11,10.0,124.17,vooruitbetaling,4,1.0,nee,0
ORD-101455,K1076,Utrecht ,NL,13-02-2025,Vitamine D3 25mcg,OTC,9,7.36,0.0,66.24,vooruitbetaling,4,1.6,nee,0
ORD-101225,K1077,Amsterdam,NL,08/04/25,Salbutamol inhalator,Rx,89,19.13,10.0,1532.31,factuur,4,4.3,nee,1
ORD-100064,K1157,rotterdam,NL,2025-03-01,Insuline pen,Koelketen,12,39.85,0.0,478.2,vooruitbetaling,6,4.4,nee,0
ORD-100849,K1029,utrecht,NL,16-07-2025,Omeprazol 20mg,Rx,28,5.24,15.0,124.71,vooruitbetaling,4,2.5,nee,0
ORD-101536,K1072,UTRECHT,NL,25-05-2025,Metformine 850mg,Rx,38,4.22,5.0,152.34,incasso,4,3.5,nee,0
ORD-102391,K1138,Maastricht,NL,01-03-2025,Ibuprofen 400mg,OTC,44,2.46,10.0,97.42,factuur,4,3.8,nee,0
ORD-101612,K1132,Groningen,NL,2025-10-26,Amoxicilline 250mg,Rx,6,6.9,0.0,41.4,incasso,4,3.4,nee,0
ORD-100740,K1045,amsterdam,NL,06-06-2025,Ibuprofen 400mg,OTC,10,2.48,15.0,21.08,incasso,4,3.7,nee,0
ORD-101624,K1012,Maastricht,NL,30-05-2025,Ibuprofen 400mg,OTC,7,2.4,15.0,14.28,vooruitbetaling,4,2.7,nee,0
ORD-100026,K1031,Rotterdam,NL,17/11/25,Vitamine D3 25mcg,OTC,76,7.42,5.0,535.72,incasso,4,1.1,nee,0
ORD-101806,K1135,Utrecht,NL,07-04-2025,Omeprazol 20mg,Rx,34,4.94,15.0,142.77,creditcard,4,1.3,nee,0
ORD-101214,K1019,Rotterdam,NL,04-06-2025,Amoxicilline 250mg,Rx,10,6.91,10.0,62.19,factuur,4,2.5,nee,0
ORD-101475,K1034,Rotterdam,NL,29-03-2025,Vitamine D3 25mcg,OTC,15,7.24,0.0,108.6,factuur,4,1.3,nee,0
ORD-100886,K1002,Rotterdam,NL,10/09/25,Salbutamol inhalator,Rx,12,18.89,0.0,226.68,creditcard,4,3.0,nee,0
ORD-100839,K1065,Zwolle,NL,2025-11-12,Paracetamol 500mg,OTC,7,1.85,10.0,11.66,incasso,4,1.4,nee,0
ORD-101238,K1106,Utrecht,NL,08-02-2025,Ibuprofen 400mg,OTC,21,2.51,20.0,42.17,incasso,4,3.3,nee,0
ORD-102394,K1105,'s-Gravenhage,NL,2025-02-18,Paracetamol 500mg,OTC,2,1.88,0.0,3.76,incasso,4,3.0,nee,0
ORD-100587,K1123,rotterdam,NL,19-09-2025,Ibuprofen 400mg,OTC,23,2.36,20.0,43.42,factuur,4,1.6,nee,0
ORD-100063,K1157,Antwerpen,BE,2025-05-02,Metformine 850mg,Rx,13,4.2,0.0,54.6,factuur,4,4.2,nee,1
ORD-101406,K1153,Gent,Belgie,06/10/25,Metformine 850mg,Rx,14,4.23,5.0,56.26,factuur,4,1.6,nee,0
ORD-101617,K1115,Groningen,NL,09-11-2025,Levothyroxine 50mcg,Rx,11,3.08,10.0,30.49,incasso,4,2.4,nee,0
ORD-102399,K1172,Rotterdam,NL,27-02-2025,Metformine 850mg,Rx,5,4.27,15.0,18.15,incasso,4,2.5,nee,0
ORD-101098,K1107,Utrecht ,NL,2025-05-01,Ibuprofen 400mg,OTC,10,2.34,20.0,18.72,factuur,4,2.0,nee,0
ORD-101814,K1053,UTRECHT,NL,13/03/25,Omeprazol 20mg,Rx,15,5.35,5.0,76.24,creditcard,4,1.6,nee,0
ORD-101121,K1166,Utrecht,NL,2025-11-16,Paracetamol 500mg,OTC,24,1.8,,43.2,vooruitbetaling,4,1.9,nee,0
ORD-100677,K1046,Antwerpen,BE,16-03-2025,Metformine 850mg,Rx,34,4.14,0.0,140.76,incasso,4,3.2,nee,0
ORD-101021,K1047,Rotterdam,NL,19/03/25,Vitamine D3 25mcg,OTC,24,6.92,15.0,141.17,incasso,4,1.8,nee,0
ORD-101677,K1175,Maastricht,NL,21/01/25,Paracetamol 500mg,OTC,35,1.91,0.0,66.85,factuur,4,1.0,nee,0
ORD-102190,K1036,Eindhoven,NL,23/07/25,Paracetamol 500mg,OTC,27,1.91,0.0,51.57,creditcard,4,1.2,nee,0
ORD-100450,K1118,utrecht,NL,18-08-2025,Insuline pen,Koelketen,21,41.96,10.0,793.04,factuur,6,5.5,nee,0
ORD-101924,K1065,Den  Haag,NL,15/09/25,Paracetamol 500mg,OTC,113,1.85,0.0,209.05,incasso,4,2.7,nee,0
ORD-101745,K1116,Utrecht,NL,14-09-2025,Vitamine D3 25mcg,OTC,23,7.55,5.0,164.97,,4,3.1,ja,0
ORD-101562,K1157,Den  Haag,NL,2025-01-10,Ibuprofen 400mg,OTC,27,2.37,10.0,57.59,factuur,4,3.2,nee,0
ORD-100442,K1149,A'dam,NL,05/03/25,Salbutamol inhalator,Rx,11,19.09,15.0,178.49,vooruitbetaling,4,1.5,nee,0
ORD-100163,K1087,den haag,NL,13-01-2025,Amoxicilline 250mg,Rx,140,6.88,10.0,866.88,factuur,4,3.6,nee,0
ORD-101579,K1060,Maastricht,NL,18/10/25,Salbutamol inhalator,Rx,5,19.12,5.0,90.82,creditcard,4,1.1,nee,0
ORD-101890,K1125,Anvers,Belgie,18/02/25,Levothyroxine 50mcg,Rx,7,3.04,15.0,18.09,vooruitbetaling,4,3.4,nee,0
ORD-101219,K1036,utrecht,NL,2025-11-28,Simvastatine 40mg,Rx,5,3.91,,16.62,factuur,4,2.6,nee,0
ORD-101886,K1023,Gent,BEL,29/06/25,Ibuprofen 400mg,OTC,15,2.39,10.0,32.26,creditcard,4,3.4,nee,0
ORD-101071,K1156,A'dam,NL,28-05-2025,Ibuprofen 400mg,OTC,8,2.51,0.0,20.08,factuur,4,1.7,nee,0
ORD-101582,K1016,Zwolle,NL,08-01-2025,Metformine 850mg,Rx,46,4.18,0.0,192.28,creditcard,4,1.2,nee,0
ORD-100132,K1073,Groningen,NL,2025-07-17,Simvastatine 40mg,Rx,12,3.93,10.0,42.44,vooruitbetaling,4,1.5,nee,0
ORD-102278,K1132,Amsterdam ,NL,24/07/25,Amoxicilline 250mg,Rx,77,6.66,,512.82,factuur,4,1.2,nee,0
ORD-100143,K1173,rotterdam,NL,28/05/25,Paracetamol 500mg,OTC,18,1.96,15.0,29.99,vooruitbetaling,4,1.8,nee,0
ORD-101162,K1173,A'dam,NL,2025-07-02,Vitamine D3 25mcg,OTC,49,7.02,0.0,343.98,incasso,4,1.5,nee,0
ORD-102312,K1151,Gent,BEL,12-09-2025,Omeprazol 20mg,Rx,16,5.13,10.0,73.87,incasso,4,2.1,nee,0
ORD-100302,K1072,amsterdam,NL,14/07/25,Paracetamol 500mg,OTC,9,1.95,0.0,17.55,vooruitbetaling,4,3.1,nee,0
ORD-102118,K1060,den haag,NL,2025-03-29,Salbutamol inhalator,Rx,19,18.86,5.0,340.42,incasso,4,3.9,nee,0
ORD-101364,K1054,Eindhoven,NL,28-02-2025,Paracetamol 500mg,OTC,126,1.77,10.0,200.72,incasso,4,4.7,nee,1
ORD-100380,K1175,Anvers,BE,2025-09-19,Salbutamol inhalator,Rx,22,19.46,5.0,406.71,factuur,4,2.8,nee,0
ORD-100801,K1047,Rotterdam,NL,18/03/25,Ibuprofen 400mg,OTC,52,2.34,10.0,109.51,creditcard,4,3.5,nee,0
ORD-100314,K1110,Eindhoven,NL,14/08/25,Vitamine D3 25mcg,OTC,48,7.55,10.0,326.16,creditcard,4,1.0,nee,0
ORD-102289,K1098,Eindhoven,NL,2025-10-20,Simvastatine 40mg,Rx,90,4.1,0.0,369.0,incasso,4,4.0,nee,0
ORD-100359,K1043,Groningen,NL,12-10-2025,Ibuprofen 400mg,OTC,83,2.39,20.0,158.7,creditcard,4,3.3,nee,0
ORD-101647,K1085,Amsterdam ,NL,26-01-2025,Levothyroxine 50mcg,Rx,14,3.08,,36.65,creditcard,4,4.1,ja,1
ORD-100846,K1041,Maastricht,NL,2025-05-18,Ibuprofen 400mg,OTC,35,2.46,5.0,81.79,,4,3.7,nee,0
ORD-101496,K1063,A'dam,NL,17-08-2025,Paracetamol 500mg,OTC,9999,1.82,15.0,18.56,incasso,4,5.4,nee,1
ORD-101278,K1170,'s-Gravenhage,NL,27-09-2025,Levothyroxine 50mcg,Rx,16,3.07,10.0,44.21,creditcard,4,,nee,1
ORD-100919,K1167,'s-Gravenhage,NL,16-11-2025,Metformine 850mg,Rx,22,4.23,5.0,88.41,incasso,4,4.0,nee,0
ORD-100612,K1091,Groningen,NL,2025-06-04,Levothyroxine 50mcg,Rx,29,3.15,15.0,77.65,vooruitbetaling,4,1.0,nee,0
ORD-101017,K1111,Anvers,Belgie,2025-08-23,Paracetamol 500mg,OTC,58,1.85,20.0,85.84,factuur,4,3.9,nee,0
ORD-101747,K1151,Amsterdam,NL,10-07-2025,Insuline pen,Koelketen,4,41.88,0.0,167.52,incasso,6,1.4,nee,0
ORD-100687,K1169,Utrecht,NL,2025-09-09,Amoxicilline 250mg,Rx,10,6.43,15.0,54.65,vooruitbetaling,4,1.6,nee,0
ORD-100007,K1154,Utrceht,NL,27-04-2025,Ibuprofen 400mg,OTC,3,2.4,,7.2,creditcard,4,3.8,nee,0
ORD-101586,K1165,Gent,Belgie,2025-03-08,Vitamine D3 25mcg,OTC,20,7.42,0.0,148.4,vooruitbetaling,4,2.7,nee,0
ORD-100116,K1150,Groningen,NL,2025-01-16,Vitamine D3 25mcg,OTC,25,7.36,,184.0,factuur,4,4.1,ja,1
ORD-101333,K1133,Den  Haag,NL,01/03/25,Vitamine D3 25mcg,OTC,14,7.47,0.0,104.58,creditcard,4,3.5,nee,0
ORD-100978,K1008,Amsterdam ,NL,27-08-2025,Vitamine D3 25mcg,OTC,24,6.84,5.0,155.95,factuur,4,2.8,nee,0
ORD-102269,K1142,Antwerpen,BE,29-04-2025,Metformine 850mg,Rx,7,4.27,0.0,29.89,creditcard,4,2.6,nee,0
ORD-101262,K1065,Utrceht,NL,18-08-2025,Insuline pen,Koelketen,22,42.34,,838.33,creditcard,6,4.4,nee,0
ORD-100871,K1102,amsterdam,NL,05/07/25,Vitamine D3 25mcg,OTC,33,7.57,5.0,237.32,creditcard,4,3.1,nee,0
ORD-100078,K1146,Amsterdam,NL,2025-06-20,Levothyroxine 50mcg,Rx,8,3.19,0.0,25.52,vooruitbetaling,4,3.3,nee,0
ORD-102100,K1076,den haag,NL,23-01-2025,Insuline pen,Koelketen,13,43.41,0.0,564.33,vooruitbetaling,6,3.1,nee,0
ORD-101140,K1175,den haag,NL,04/10/25,Vitamine D3 25mcg,OTC,15,7.29,20.0,87.48,factuur,4,5.1,ja,1
ORD-100323,K1111,den haag,NL,04/05/25,Levothyroxine 50mcg,Rx,22,3.29,0.0,72.38,incasso,4,3.1,nee,0
ORD-100548,K1121,Rotterdam,NL,20/01/25,Amoxicilline 250mg,Rx,11,6.71,0.0,73.81,vooruitbetaling,4,2.0,nee,0
ORD-100924,K1167,Zwolle,NL,21-05-2025,Vitamine D3 25mcg,OTC,9,7.44,5.0,63.61,creditcard,4,2.9,nee,0
ORD-100173,K1020,antwerpen,BEL,26/04/25,Paracetamol 500mg,OTC,20,1.88,0.0,37.6,incasso,4,2.7,nee,0
ORD-100547,K1057,Zwolle,NL,16-06-2025,Simvastatine 40mg,Rx,-5,3.8,5.0,267.14,factuur,4,1.7,nee,0
ORD-100735,K1065,amsterdam,NL,25-07-2025,Simvastatine 40mg,Rx,5,4.05,0.0,20.25,factuur,4,3.1,nee,0
ORD-101616,K1099,Utrecht,NL,19-07-2025,Vitamine D3 25mcg,OTC,16,7.48,5.0,113.7,vooruitbetaling,4,1.7,nee,0
ORD-100436,K1052,Eindhoven,NL,11-07-2025,Paracetamol 500mg,OTC,149,1.88,5.0,266.11,incasso,4,5.5,ja,1
ORD-102072,K1018,A'dam,NL,21-04-2025,Salbutamol inhalator,Rx,40,18.09,20.0,578.88,factuur,4,5.3,nee,1
ORD-101473,K1062,Anvers,Belgie,06-05-2025,Paracetamol 500mg,OTC,16,1.91,15.0,25.98,factuur,4,2.0,nee,0
ORD-100806,K1030,Maastricht,NL,2025-05-05,Vitamine D3 25mcg,OTC,40,7.6,20.0,243.2,vooruitbetaling,4,1.6,nee,0
ORD-102344,K1125,amsterdam,NL,24/08/25,Ibuprofen 400mg,OTC,12,2.37,10.0,25.6,creditcard,4,2.2,nee,0
ORD-101188,K1060,Maastricht,NL,20/01/25,Vitamine D3 25mcg,OTC,30,7.14,0.0,214.2,vooruitbetaling,4,2.0,nee,0
ORD-101939,K1080,Amsterdam,NL,2025-10-04,Paracetamol 500mg,OTC,42,1.83,10.0,69.17,creditcard,4,2.3,nee,0
ORD-101664,K1150,Utrecht,NL,2025-07-09,Paracetamol 500mg,OTC,23,1.84,20.0,33.86,vooruitbetaling,4,2.8,nee,0
ORD-101247,K1004,Rotterdam,NL,12-07-2025,Omeprazol 20mg,Rx,12,4.93,0.0,59.16,vooruitbetaling,4,3.5,nee,0
ORD-102191,K1145,utrecht,NL,09/05/25,Levothyroxine 50mcg,Rx,16,3.03,15.0,41.21,vooruitbetaling,4,3.2,nee,0
ORD-100237,K1110,amsterdam,NL,2025-05-26,Amoxicilline 250mg,Rx,28,6.58,,165.82,incasso,4,1.6,nee,0
ORD-101942,K1000,Utrceht,NL,29-10-2025,Insuline pen,Koelketen,6,40.51,0.0,243.06,factuur,6,2.6,nee,0
ORD-102243,K1011,Maastricht,NL,05-10-2025,Paracetamol 500mg,OTC,26,1.8,15.0,39.78,vooruitbetaling,4,3.0,nee,0
ORD-100747,K1144,Zwolle,NL,2025-07-15,Omeprazol 20mg,Rx,18,5.17,0.0,93.06,creditcard,4,2.0,nee,0
ORD-102189,K1134,Zwolle,NL,06/08/25,Amoxicilline 250mg,Rx,16,6.82,0.0,109.12,vooruitbetaling,4,4.6,ja,1
ORD-100095,K1016,Den Haag,NL,10-10-2025,Amoxicilline 250mg,Rx,14,6.71,10.0,84.55,creditcard,4,1.0,nee,0
ORD-102053,K1047,Anvers,BEL,16-01-2025,Amoxicilline 250mg,Rx,11,6.71,20.0,59.05,factuur,4,4.7,ja,1
ORD-100045,K1087,Antwerpen,BE,2025-08-21,Vitamine D3 25mcg,OTC,52,7.05,10.0,329.94,vooruitbetaling,4,2.5,nee,0
ORD-101561,K1112,den haag,NL,03-04-2025,Paracetamol 500mg,OTC,14,1.86,,23.44,factuur,4,2.3,nee,0
ORD-100727,K1000,Groningen,NL,2025-11-28,Ibuprofen 400mg,OTC,34,2.38,5.0,94.48,vooruitbetaling,4,2.2,nee,0
ORD-102380,K1073,antwerpen,Belgie,18/03/25,Metformine 850mg,Rx,1,4.28,10.0,3.85,vooruitbetaling,4,1.0,nee,0
ORD-101000,K1004,den haag,NL,14-07-2025,Omeprazol 20mg,Rx,8,5.0,0.0,40.0,vooruitbetaling,4,2.0,nee,0
ORD-100897,K1086,Groningen,NL,18-08-2025,Salbutamol inhalator,Rx,7,19.17,15.0,114.06,creditcard,4,1.0,nee,0
ORD-100952,K1154,Maastricht,NL,2025-03-31,Simvastatine 40mg,Rx,13,3.93,20.0,40.87,incasso,4,1.5,nee,0
ORD-100817,K1088,Maastricht,NL,13-11-2025,Vitamine D3 25mcg,OTC,27,6.99,15.0,160.42,vooruitbetaling,4,,nee,0
ORD-100190,K1101,Rotterdam,NL,09/02/25,Ibuprofen 400mg,OTC,18,2.41,5.0,41.21,incasso,4,2.5,ja,0
ORD-101757,K1086,Utrecht ,NL,05-04-2025,Ibuprofen 400mg,OTC,13,2.46,10.0,28.78,creditcard,4,3.9,nee,0
ORD-101018,K1096,Groningen,NL,2025-02-27,Insuline pen,Koelketen,28,41.21,5.0,1096.19,factuur,6,4.0,nee,0
ORD-101442,K1168,rotterdam,NL,2025-08-02,Amoxicilline 250mg,Rx,21,6.69,0.0,140.49,incasso,4,2.3,nee,0
ORD-101723,K1178,Den  Haag,NL,2025-06-08,Vitamine D3 25mcg,OTC,23,7.34,5.0,160.38,,4,3.5,nee,0
ORD-100206,K1066,Utrceht,NL,26-07-2025,Amoxicilline 250mg,Rx,37,6.96,0.0,257.52,incasso,4,3.0,nee,0
ORD-101279,K1140,A'dam,NL,19/03/25,Paracetamol 500mg,OTC,30,1.88,0.0,56.4,factuur,4,2.8,nee,0
ORD-100091,K1035,Zwolle,NL,2025-09-03,Metformine 850mg,Rx,15,4.21,15.0,63.92,factuur,4,2.2,nee,0
ORD-100697,K1092,Utrceht,NL,28/07/25,Vitamine D3 25mcg,OTC,12,7.55,5.0,86.07,factuur,4,2.5,nee,0
ORD-101582,K1016,Zwolle,NL,08-01-2025,Metformine 850mg,Rx,46,4.18,0.0,192.28,creditcard,4,1.2,nee,0
ORD-101674,K1086,Groningen,NL,04/11/25,Paracetamol 500mg,OTC,13,1.79,15.0,19.78,vooruitbetaling,4,1.3,nee,0
ORD-100762,K1048,A'dam,NL,2025-03-29,Paracetamol 500mg,OTC,67,1.87,5.0,119.03,incasso,4,5.8,ja,1
ORD-100502,K1073,Amsterdam,NL,07-08-2025,Ibuprofen 400mg,OTC,17,2.37,5.0,38.28,factuur,4,3.7,nee,0
ORD-102365,K1111,Rotterdam,NL,16/10/25,Salbutamol inhalator,Rx,27,18.39,15.0,422.05,factuur,4,3.4,nee,0
ORD-102216,K1079,UTRECHT,NL,14-02-2025,Vitamine D3 25mcg,OTC,76,7.3,0.0,554.8,factuur,4,2.3,nee,0
ORD-100585,K1029,amsterdam,NL,2025-06-23,Levothyroxine 50mcg,Rx,17,3.17,0.0,53.89,vooruitbetaling,4,1.9,nee,0
ORD-102244,K1170,rotterdam,NL,2025-02-16,Ibuprofen 400mg,OTC,36,2.32,0.0,83.52,creditcard,4,3.2,nee,0
ORD-100905,K1003,Eindhoven,NL,2025-10-09,Levothyroxine 50mcg,Rx,34,2.93,5.0,94.64,vooruitbetaling,4,1.0,nee,0
ORD-101468,K1132,Eindhoven,NL,28/09/25,Simvastatine 40mg,Rx,123,3.99,15.0,417.15,vooruitbetaling,4,2.8,nee,0
ORD-100423,K1094,antwerpen,BEL,24/04/25,Insuline pen,Koelketen,9,42.17,10.0,341.58,incasso,6,3.4,nee,0
ORD-101371,K1077,Gent,Belgie,12/01/25,Amoxicilline 250mg,Rx,55,6.98,15.0,326.32,factuur,4,1.4,nee,0
ORD-102144,K1154,Amsterdam ,NL,2025-08-07,Ibuprofen 400mg,OTC,28,2.33,20.0,52.19,factuur,4,1.7,nee,0
ORD-100521,K1116,Gent,BEL,28-08-2025,Ibuprofen 400mg,OTC,29,2.52,0.0,73.08,creditcard,4,2.1,nee,0
ORD-101522,K1021,Zwolle,NL,04-07-2025,Vitamine D3 25mcg,OTC,14,7.26,20.0,81.31,vooruitbetaling,4,3.8,nee,0
ORD-100156,K1131,A'dam,NL,23-02-2025,Levothyroxine 50mcg,Rx,14,3.16,5.0,42.03,vooruitbetaling,4,2.5,nee,0
ORD-101787,K1033,Eindhoven,NL,11/11/25,Paracetamol 500mg,OTC,55,1.86,10.0,92.07,factuur,4,1.6,nee,0
ORD-101471,K1136,Antwerpen,Belgie,09-07-2025,Simvastatine 40mg,Rx,2,3.82,5.0,7.26,creditcard,4,3.9,nee,0
ORD-102369,K1110,Den Haag,NL,24/09/25,Simvastatine 40mg,Rx,15,3.93,5.0,56.0,factuur,4,1.3,nee,0
ORD-100296,K1028,Zwolle,NL,03-10-2025,Omeprazol 20mg,Rx,16,5.03,5.0,76.46,creditcard,4,2.9,nee,0
ORD-100100,K1117,Eindhoven,NL,10/10/25,Ibuprofen 400mg,OTC,102,2.51,15.0,217.62,creditcard,4,4.3,nee,1
ORD-101139,K1160,Utrecht ,NL,20-08-2025,Omeprazol 20mg,Rx,9,5.14,0.0,46.26,vooruitbetaling,4,1.0,nee,0
ORD-100184,K1069,Amsterdam,NL,2025-07-28,Vitamine D3 25mcg,OTC,99,7.36,10.0,1296.76,vooruitbetaling,4,2.4,nee,0
ORD-100026,K1031,Rotterdam,NL,17/11/25,Vitamine D3 25mcg,OTC,76,7.42,5.0,535.72,incasso,4,1.1,nee,0
ORD-100468,K1140,Gent,BE,2025-01-31,Vitamine D3 25mcg,OTC,23,7.01,0.0,161.23,creditcard,4,3.9,nee,0
ORD-100688,K1022,Utrceht,NL,04-02-2025,Metformine 850mg,Rx,14,4.19,0.0,58.66,incasso,4,4.8,ja,1
ORD-100279,K1055,Den  Haag,NL,25/04/25,Paracetamol 500mg,OTC,10,1.92,0.0,19.2,incasso,4,1.7,nee,0
ORD-100539,K1051,A'dam,NL,07/01/25,Metformine 850mg,Rx,21,4.2,0.0,88.2,creditcard,4,2.5,nee,0
ORD-101284,K1178,Maastricht,NL,20/01/25,Metformine 850mg,Rx,13,4.19,20.0,43.58,vooruitbetaling,4,3.1,nee,0
ORD-102328,K1110,Zwolle,NL,2025-10-02,Levothyroxine 50mcg,Rx,17,3.1,0.0,52.7,factuur,4,3.2,nee,0
ORD-101645,K1101,Maastricht,NL,27-11-2025,Salbutamol inhalator,Rx,169,18.37,15.0,2638.85,factuur,4,4.7,nee,1
ORD-100945,K1135,Amsterdam,NL,2025-10-11,Omeprazol 20mg,Rx,22,5.13,10.0,101.57,creditcard,4,3.9,nee,0
ORD-100574,K1091,Utrecht ,NL,25/07/25,Insuline pen,Koelketen,8,42.4,0.0,339.2,incasso,6,4.0,nee,0
ORD-102202,K1108,Eindhoven,NL,20-08-2025,Salbutamol inhalator,Rx,128,18.65,5.0,2267.84,incasso,4,3.4,nee,0
ORD-101686,K1076,Den  Haag,NL,31-03-2025,Levothyroxine 50mcg,Rx,5,3.02,20.0,12.08,creditcard,4,2.7,nee,0
ORD-101775,K1101,rotterdam,NL,2025-10-28,Vitamine D3 25mcg,OTC,33,7.31,5.0,229.17,factuur,4,1.1,nee,0
ORD-101411,K1033,Maastricht,NL,31-01-2025,Simvastatine 40mg,Rx,34,3.91,0.0,132.94,creditcard,4,3.4,nee,0
ORD-101226,K1158,UTRECHT,NL,31-07-2025,Paracetamol 500mg,OTC,45,1.92,10.0,77.76,incasso,4,3.3,nee,0
ORD-100810,K1119,Amsterdam,NL,2025-07-03,Paracetamol 500mg,OTC,13,1.84,0.0,23.92,factuur,4,,nee,0
ORD-100528,K1156,Amsterdam,NL,2025-07-13,Vitamine D3 25mcg,OTC,50,7.59,5.0,360.52,vooruitbetaling,4,4.8,ja,1
ORD-102154,K1139,Amsterdam ,NL,2025-08-20,Vitamine D3 25mcg,OTC,21,7.4,0.0,155.4,creditcard,4,2.3,nee,0
ORD-102219,K1086,Utrceht,NL,2025-10-20,Vitamine D3 25mcg,OTC,19,7.14,0.0,135.66,incasso,4,4.0,nee,0
ORD-100109,K1003,'s-Gravenhage,NL,05/10/25,Vitamine D3 25mcg,OTC,59,7.17,20.0,338.42,factuur,4,1.5,nee,0
ORD-102137,K1166,Zwolle,NL,2025-11-03,Simvastatine 40mg,Rx,26,3.67,10.0,85.88,factuur,4,3.3,nee,0
ORD-100783,K1088,Den  Haag,NL,10-11-2025,Omeprazol 20mg,Rx,49,5.09,0.0,249.41,vooruitbetaling,4,2.0,nee,0
ORD-102287,K1047,antwerpen,BE,21-04-2025,Simvastatine 40mg,Rx,104,4.07,0.0,423.28,creditcard,4,2.7,nee,0
ORD-102300,K1135,Zwolle,NL,2025-08-27,Ibuprofen 400mg,OTC,3,2.34,15.0,5.97,factuur,4,,nee,0
ORD-100401,K1162,Rotterdam,NL,21/05/25,Ibuprofen 400mg,OTC,1,2.26,15.0,1.92,creditcard,4,2.4,nee,0
ORD-100158,K1156,Utrecht ,NL,2025-05-07,Metformine 850mg,Rx,39,4.1,0.0,159.9,vooruitbetaling,4,3.1,nee,0
ORD-100445,K1125,Groningen,NL,03/04/25,Paracetamol 500mg,OTC,9,1.82,10.0,14.74,creditcard,4,1.3,nee,0
ORD-102102,K1017,Maastricht,NL,2025-10-12,Ibuprofen 400mg,OTC,26,2.48,0.0,64.48,vooruitbetaling,4,5.2,ja,1
ORD-100571,K1069,Amsterdam,NL,14-11-2025,Omeprazol 20mg,Rx,28,5.22,0.0,146.16,,4,2.1,nee,0
ORD-102210,K1147,Amsterdam,NL,2025-10-29,Vitamine D3 25mcg,OTC,26,7.53,10.0,176.2,factuur,4,2.3,nee,0
ORD-101118,K1122,A'dam,NL,2025-10-31,Amoxicilline 250mg,Rx,58,6.9,0.0,400.2,creditcard,4,1.2,nee,0
ORD-102080,K1122,Maastricht,NL,2025-09-27,Simvastatine 40mg,Rx,51,4.13,0.0,210.63,incasso,4,4.0,nee,0
ORD-100214,K1058,Den  Haag,NL,2025-05-17,Insuline pen,Koelketen,45,43.8,0.0,1971.0,incasso,6,4.9,nee,0
ORD-100778,K1032,amsterdam,NL,2025-11-11,Paracetamol 500mg,OTC,16,1.83,5.0,27.82,creditcard,4,2.3,nee,0
ORD-101696,K1130,Amsterdam ,NL,2025-11-09,Metformine 850mg,Rx,81,4.04,20.0,261.79,incasso,4,3.5,nee,0
ORD-100309,K1046,Zwolle,NL,2025-02-22,Ibuprofen 400mg,OTC,30,2.41,20.0,57.84,creditcard,4,4.7,nee,1
ORD-101354,K1173,Eindhoven,NL,16-07-2025,Metformine 850mg,Rx,7,4.25,10.0,26.78,creditcard,4,,nee,0
ORD-101160,K1092,Zwolle,NL,21-02-2025,Levothyroxine 50mcg,Rx,34,3.06,15.0,88.43,incasso,4,,ja,0
ORD-101944,K1109,Amsterdam,NL,23/06/25,Ibuprofen 400mg,OTC,63,2.35,10.0,133.24,vooruitbetaling,4,1.9,nee,0
ORD-100218,K1162,Anvers,BEL,2025-10-20,Vitamine D3 25mcg,OTC,118,6.99,10.0,742.34,factuur,4,3.1,nee,0
ORD-100428,K1121,Anvers,BEL,31-10-2025,Ibuprofen 400mg,OTC,7,2.3,10.0,14.49,vooruitbetaling,4,2.7,nee,0
ORD-100712,K1166,Gent,Belgie,25/04/25,Levothyroxine 50mcg,Rx,23,3.06,10.0,63.34,factuur,4,3.7,nee,0
ORD-101477,K1061,Antwerpen,BEL,12/09/25,Omeprazol 20mg,Rx,11,5.28,,52.27,creditcard,4,1.5,nee,0
ORD-101685,K1092,Eindhoven,NL,2025-02-17,Metformine 850mg,Rx,24,4.38,10.0,94.61,creditcard,4,1.8,nee,0
ORD-101500,K1084,Amsterdam,NL,08-05-2025,Salbutamol inhalator,Rx,68,19.52,0.0,1327.36,vooruitbetaling,4,1.0,nee,0
ORD-102081,K1172,A'dam,NL,21-08-2025,Levothyroxine 50mcg,Rx,53,3.18,15.0,143.26,vooruitbetaling,4,,nee,0
ORD-101220,K1065,Utrceht,NL,25-11-2025,Ibuprofen 400mg,OTC,23,2.44,,50.51,vooruitbetaling,4,1.7,nee,0
ORD-101663,K1107,amsterdam,NL,04-08-2025,Paracetamol 500mg,OTC,48,1.91,10.0,82.51,incasso,4,2.6,nee,0
ORD-101531,K1110,Maastricht,NL,05-06-2025,Levothyroxine 50mcg,Rx,10,2.94,10.0,26.46,vooruitbetaling,4,2.3,nee,0
ORD-100595,K1097,Amsterdam,NL,29/11/25,Omeprazol 20mg,Rx,17,4.99,0.0,84.83,creditcard,4,4.0,ja,1
ORD-102280,K1164,Amsterdam ,NL,2025-06-03,Omeprazol 20mg,Rx,33,4.95,10.0,147.01,incasso,4,2.8,nee,0
ORD-101698,K1059,Groningen,NL,13/05/25,Omeprazol 20mg,Rx,39,5.04,20.0,157.25,,4,2.7,nee,0
ORD-101609,K1097,Gent,BEL,20-07-2025,Amoxicilline 250mg,Rx,22,6.8,15.0,127.16,factuur,4,2.6,ja,0
ORD-102158,K1140,rotterdam,NL,18-11-2025,Vitamine D3 25mcg,OTC,49,7.59,15.0,316.12,vooruitbetaling,4,1.3,nee,0
ORD-100516,K1151,Gent,BE,29/08/25,Paracetamol 500mg,OTC,118,1.87,10.0,198.59,incasso,4,4.6,ja,1
ORD-101750,K1017,Amsterdam,NL,01-06-2025,Insuline pen,Koelketen,13,44.15,5.0,545.25,vooruitbetaling,6,5.1,nee,0
ORD-100758,K1113,Utrecht,NL,30-10-2025,Ibuprofen 400mg,OTC,19,2.34,0.0,44.46,creditcard,4,2.1,nee,0
ORD-100272,K1081,Groningen,NL,2025-04-28,Amoxicilline 250mg,Rx,105,6.31,0.0,723.94,incasso,4,3.4,nee,0
ORD-100139,K1059,Zwolle,NL,18-11-2025,Salbutamol inhalator,Rx,10,19.41,15.0,164.98,,4,1.0,ja,0
ORD-101799,K1042,Utrecht ,NL,06/08/25,Omeprazol 20mg,Rx,26,5.11,15.0,112.93,vooruitbetaling,4,1.9,nee,0
ORD-101216,K1057,Gent,BE,27-09-2025,Ibuprofen 400mg,OTC,21,2.4,0.0,50.4,vooruitbetaling,4,2.4,nee,0
ORD-101266,K1163,Zwolle,NL,2025-10-05,Ibuprofen 400mg,OTC,50,2.37,5.0,112.57,vooruitbetaling,4,,nee,0
ORD-100701,K1112,Utrecht ,NL,2025-08-31,Ibuprofen 400mg,OTC,45,2.41,0.0,108.45,creditcard,4,4.2,ja,1
ORD-101332,K1061,Gent,Belgie,01-02-2025,Levothyroxine 50mcg,Rx,9,3.23,0.0,29.07,,4,2.3,nee,0
ORD-101912,K1049,Maastricht,NL,29/07/25,Salbutamol inhalator,Rx,18,19.13,0.0,344.34,vooruitbetaling,4,1.0,nee,0
ORD-100674,K1138,Groningen,NL,2025-06-14,Vitamine D3 25mcg,OTC,11,7.57,0.0,83.27,vooruitbetaling,4,2.7,nee,0
ORD-100819,K1172,Utrecht,NL,2025-10-02,Omeprazol 20mg,Rx,26,5.22,,122.15,factuur,4,2.3,nee,0
ORD-100431,K1158,Utrecht ,NL,24/05/25,Vitamine D3 25mcg,OTC,19,7.11,0.0,135.09,creditcard,4,2.0,nee,0
ORD-102234,K1032,A'dam,NL,2025-08-04,Amoxicilline 250mg,Rx,79,6.82,15.0,457.96,vooruitbetaling,4,1.8,nee,0
ORD-101956,K1129,Eindhoven,NL,2025-11-30,Levothyroxine 50mcg,Rx,54,2.99,20.0,129.17,creditcard,4,2.2,nee,0
ORD-101068,K1016,Rotterdam,NL,17-09-2025,Paracetamol 500mg,OTC,123,1.79,5.0,209.16,vooruitbetaling,4,2.3,ja,0
ORD-101006,K1093,Utrecht,NL,2025-05-15,Omeprazol 20mg,Rx,33,5.21,0.0,171.93,vooruitbetaling,4,1.8,nee,0
ORD-101593,K1176,UTRECHT,NL,2025-05-09,Metformine 850mg,Rx,26,4.14,10.0,96.88,incasso,4,4.9,ja,1
ORD-102331,K1008,Zwolle,NL,2025-05-06,Insuline pen,Koelketen,21,41.75,20.0,701.4,creditcard,6,3.4,nee,0
ORD-102209,K1054,rotterdam,NL,08/02/25,Vitamine D3 25mcg,OTC,23,7.51,0.0,172.73,factuur,4,3.9,nee,0
ORD-102251,K1052,Gent,BE,05/05/25,Metformine 850mg,Rx,15,4.22,,56.97,incasso,4,1.8,nee,0
ORD-102045,K1158,Amsterdam,NL,23/10/25,Ibuprofen 400mg,OTC,25,2.39,,50.79,vooruitbetaling,4,2.3,nee,0
ORD-102225,K1016,'s-Gravenhage,NL,13/04/25,Omeprazol 20mg,Rx,48,5.16,,247.68,,4,4.6,ja,1
ORD-100060,K1044,Maastricht,NL,2025-08-04,Paracetamol 500mg,OTC,11,1.97,0.0,21.67,vooruitbetaling,4,1.5,nee,0
ORD-101634,K1109,Den Haag,NL,27/09/25,Omeprazol 20mg,Rx,90,4.98,5.0,425.79,vooruitbetaling,4,,nee,0
ORD-100682,K1053,Amsterdam,NL,05/04/25,Simvastatine 40mg,Rx,9,4.01,0.0,36.09,creditcard,4,2.8,nee,0
ORD-100733,K1050,UTRECHT,NL,23-08-2025,Ibuprofen 400mg,OTC,44,2.4,5.0,100.32,creditcard,4,2.7,nee,0
ORD-102149,K1035,Anvers,Belgie,2025-06-30,Amoxicilline 250mg,Rx,8,6.73,0.0,53.84,factuur,4,2.2,nee,0
ORD-101436,K1160,Amsterdam,NL,2025-11-24,Omeprazol 20mg,Rx,11,5.29,0.0,58.19,creditcard,4,1.6,nee,0
ORD-102029,K1021,,NL,2025-07-04,Simvastatine 40mg,Rx,49,3.97,,155.62,factuur,4,4.4,nee,1
ORD-101689,K1158,A'dam,NL,12-09-2025,Metformine 850mg,Rx,168,4.41,10.0,666.79,creditcard,4,1.6,nee,0
ORD-100720,K1010,Zwolle,NL,14-09-2025,Omeprazol 20mg,Rx,65,5.02,10.0,293.67,factuur,4,3.3,nee,0
ORD-101152,K1140,antwerpen,BE,2025-06-12,Paracetamol 500mg,OTC,5,1.86,0.0,9.3,factuur,4,2.8,nee,0
ORD-100889,K1068,Eindhoven,NL,03/06/25,Metformine 850mg,Rx,8,4.33,5.0,32.91,vooruitbetaling,4,1.0,nee,0
ORD-101546,K1080,Utrceht,NL,31/03/25,Levothyroxine 50mcg,Rx,16,3.3,0.0,52.8,incasso,4,1.0,nee,0
ORD-100008,K1038,Eindhoven,NL,2025-04-21,Simvastatine 40mg,Rx,29,4.12,0.0,119.48,factuur,4,3.8,nee,0
ORD-102166,K1045,Maastricht,NL,03-07-2025,Salbutamol inhalator,Rx,17,19.03,5.0,307.33,factuur,4,2.6,nee,0
ORD-101335,K1108,A'dam,NL,2025-06-13,Simvastatine 40mg,Rx,60,4.08,0.0,244.8,,4,4.9,nee,1
ORD-102214,K1087,Rotterdam,NL,13-03-2025,Simvastatine 40mg,Rx,6,4.02,0.0,24.12,incasso,4,1.6,nee,0
ORD-101832,K1113,Eindhoven,NL,17/01/25,Amoxicilline 250mg,Rx,34,7.19,0.0,244.46,factuur,4,1.0,nee,0
ORD-100273,K1080,Gent,BEL,2025-01-29,Insuline pen,Koelketen,8,41.85,5.0,318.06,incasso,6,5.1,nee,0
ORD-100526,K1164,den haag,NL,2025-02-04,Simvastatine 40mg,Rx,31,3.91,,96.97,factuur,4,1.2,nee,0
ORD-100977,K1178,amsterdam,NL,22-09-2025,Vitamine D3 25mcg,OTC,143,7.37,5.0,1001.21,creditcard,4,1.9,nee,0
ORD-100506,K1091,Maastricht,NL,23/02/25,Vitamine D3 25mcg,OTC,14,7.41,15.0,88.18,creditcard,4,4.2,ja,1
ORD-101230,K1112,Den  Haag,NL,09/10/25,Levothyroxine 50mcg,Rx,24,3.11,10.0,67.18,vooruitbetaling,4,1.5,nee,0
ORD-100901,K1088,Eindhoven,NL,2025-07-14,Insuline pen,Koelketen,22,42.23,10.0,836.15,incasso,6,2.4,nee,0
ORD-100002,K1010,Den  Haag,NL,02-11-2025,Levothyroxine 50mcg,Rx,13,3.03,,39.39,vooruitbetaling,4,1.8,nee,0
ORD-101802,K1092,Maastricht,NL,2025-07-20,Metformine 850mg,Rx,17,4.27,20.0,58.07,incasso,4,1.7,nee,0
ORD-100716,K1058,Zwolle,NL,2025-03-25,Ibuprofen 400mg,OTC,9,2.46,15.0,18.82,incasso,4,2.4,nee,0
ORD-100270,K1158,Maastricht,NL,14/08/25,Amoxicilline 250mg,Rx,98,6.71,0.0,657.58,creditcard,4,3.6,nee,0
ORD-101016,K1114,Rotterdam,NL,22-11-2025,Ibuprofen 400mg,OTC,5,2.49,15.0,10.58,creditcard,4,3.2,nee,0
ORD-101955,K1032,Utrceht,NL,23-09-2025,Paracetamol 500mg,OTC,9,1.85,0.0,16.65,factuur,4,1.0,nee,0
ORD-101227,K1010,UTRECHT,NL,04/05/25,Levothyroxine 50mcg,Rx,12,3.09,0.0,37.08,incasso,4,3.5,nee,0
ORD-100054,K1149,Antwerpen,Belgie,2025-01-26,Omeprazol 20mg,Rx,32,5.41,10.0,155.81,vooruitbetaling,4,2.6,nee,0
ORD-101322,K1108,Antwerpen,Belgie,04/04/25,Levothyroxine 50mcg,Rx,20,3.14,5.0,59.66,vooruitbetaling,4,3.0,nee,0
ORD-101512,K1093,Amsterdam,NL,2025-06-09,Salbutamol inhalator,Rx,49,19.43,5.0,904.47,incasso,4,2.1,nee,0
ORD-100540,K1163,Zwolle,NL,2025-05-31,Paracetamol 500mg,OTC,19,1.88,15.0,30.36,incasso,4,4.4,ja,1
ORD-101911,K1078,utrecht,NL,05-05-2025,Amoxicilline 250mg,Rx,26,7.19,0.0,186.94,creditcard,4,1.5,nee,0
ORD-100766,K1081,den haag,NL,2025-04-26,Vitamine D3 25mcg,OTC,35,7.1,,236.08,creditcard,4,3.9,nee,0
ORD-101986,K1137,Rotterdam,NL,13-06-2025,Salbutamol inhalator,Rx,25,18.39,,413.78,creditcard,4,1.0,nee,0
ORD-101640,K1140,amsterdam,NL,2025-02-10,Metformine 850mg,Rx,14,4.37,0.0,61.18,factuur,4,2.3,nee,0
ORD-100189,K1084,UTRECHT,NL,02-03-2025,Amoxicilline 250mg,Rx,66,6.83,5.0,428.24,creditcard,4,4.2,nee,1
ORD-100108,K1024,amsterdam,NL,24/04/25,Amoxicilline 250mg,Rx,8,6.75,10.0,48.6,factuur,4,1.0,nee,0
ORD-100537,K1160,Rotterdam,NL,2025-11-22,Insuline pen,Koelketen,10,43.66,10.0,392.94,vooruitbetaling,6,5.4,nee,0
ORD-100854,K1082,Groningen,NL,03/08/25,Vitamine D3 25mcg,OTC,129,7.24,,933.96,incasso,4,3.0,nee,0
ORD-101578,K1150,A'dam,NL,2025-04-29,Levothyroxine 50mcg,Rx,17,3.17,,45.81,incasso,4,1.5,nee,0
ORD-101535,K1033,A'dam,NL,2025-11-12,Levothyroxine 50mcg,Rx,18,3.05,0.0,54.9,creditcard,4,1.0,nee,0
ORD-100022,K1002,Anvers,BEL,2025-08-16,Omeprazol 20mg,Rx,15,5.15,0.0,77.25,,4,2.1,nee,0
ORD-100376,K1165,rotterdam,NL,26-05-2025,Omeprazol 20mg,Rx,5,5.27,,22.4,creditcard,4,1.0,nee,0
ORD-100736,K1035,A'dam,NL,26-10-2025,Ibuprofen 400mg,OTC,91,2.4,5.0,207.48,vooruitbetaling,4,4.0,nee,0
ORD-101996,K1045,Rotterdam,NL,2025-07-18,Amoxicilline 250mg,Rx,52,6.58,5.0,325.05,factuur,4,2.3,nee,0
ORD-100594,K1098,Maastricht,NL,07-05-2025,Amoxicilline 250mg,Rx,26,6.88,0.0,178.88,incasso,4,3.0,nee,0
ORD-100348,K1145,Gent,BEL,2025-03-25,Metformine 850mg,Rx,6,4.21,20.0,20.21,creditcard,4,2.6,nee,0
ORD-100205,K1095,Amsterdam,NL,02-11-2025,Paracetamol 500mg,OTC,10,1.89,10.0,17.01,incasso,4,3.3,nee,0
ORD-100093,K1096,Zwolle,NL,06-08-2025,Salbutamol inhalator,Rx,11,17.57,0.0,193.27,factuur,4,2.3,nee,0
ORD-100807,K1003,Zwolle,NL,11-03-2025,Metformine 850mg,Rx,11,4.12,0.0,45.32,creditcard,4,,nee,0
ORD-101248,K1108,Amsterdam,NL,2025-06-28,Vitamine D3 25mcg,OTC,14,7.35,10.0,92.61,vooruitbetaling,4,2.6,nee,0
ORD-102267,K1005,Anvers,Belgie,13/09/25,Insuline pen,Koelketen,17,42.31,10.0,647.34,creditcard,6,5.0,nee,0
ORD-102347,K1134,Groningen,NL,23/06/25,Paracetamol 500mg,OTC,12,1.84,0.0,22.08,factuur,4,1.0,nee,0
ORD-102303,K1147,Eindhoven,NL,2025-08-20,Metformine 850mg,Rx,28,4.36,,122.08,incasso,4,1.7,nee,0
ORD-101826,K1053,Anvers,BEL,05/03/25,Levothyroxine 50mcg,Rx,22,3.25,15.0,60.78,,4,1.0,nee,0
ORD-101584,K1176,rotterdam,NL,2025-11-30,Levothyroxine 50mcg,Rx,18,3.1,10.0,50.22,incasso,4,3.5,nee,0
ORD-102036,K1133,A'dam,NL,22/07/25,Paracetamol 500mg,OTC,6,1.87,15.0,9.54,incasso,4,3.9,nee,0
ORD-101464,K1128,Eindhoven,NL,2025-05-20,Levothyroxine 50mcg,Rx,4,3.12,10.0,11.23,factuur,4,1.7,nee,0
ORD-100446,K1072,Zwolle,NL,20-09-2025,Levothyroxine 50mcg,Rx,21,3.02,5.0,60.25,creditcard,4,1.4,nee,0
ORD-101701,K1142,Utrecht ,NL,03/02/25,Levothyroxine 50mcg,Rx,21,3.1,0.0,65.1,incasso,4,1.5,nee,0
ORD-101116,K1015,Amsterdam,NL,2025-04-28,Ibuprofen 400mg,OTC,29,2.34,0.0,67.86,creditcard,4,3.7,nee,0
ORD-100567,K1009,Eindhoven,NL,23-08-2025,Metformine 850mg,Rx,21,4.3,0.0,90.3,,4,2.9,nee,0
ORD-101970,K1150,Den  Haag,NL,15/02/25,Simvastatine 40mg,Rx,19,4.02,0.0,76.38,incasso,4,2.0,nee,0
ORD-100935,K1104,Zwolle,NL,19-07-2025,Levothyroxine 50mcg,Rx,30,3.25,20.0,78.0,creditcard,4,2.6,nee,0
ORD-101294,K1087,Groningen,NL,06/03/25,Salbutamol inhalator,Rx,57,18.59,10.0,953.67,factuur,4,1.6,nee,0
ORD-100256,K1076,rotterdam,NL,10-09-2025,Metformine 850mg,Rx,7,4.19,10.0,26.4,incasso,4,2.7,nee,0
ORD-102060,K1053,Zwolle,NL,04-10-2025,Metformine 850mg,Rx,49,4.41,0.0,216.09,vooruitbetaling,4,5.1,ja,1
ORD-101099,K1094,Eindhoven,NL,01-10-2025,Salbutamol inhalator,Rx,32,18.32,0.0,586.24,factuur,4,1.6,nee,0
ORD-100777,K1015,A'dam,NL,2025-09-12,Salbutamol inhalator,Rx,22,18.68,,410.96,factuur,4,3.4,nee,0
ORD-101931,K1101,Utrceht,NL,2025-10-19,Vitamine D3 25mcg,OTC,61,7.3,10.0,400.77,factuur,4,2.6,nee,0
ORD-101004,K1019,Eindhoven,NL,13/03/25,Vitamine D3 25mcg,OTC,12,7.32,10.0,79.06,creditcard,4,1.4,nee,0
ORD-101368,K1083,Maastricht,NL,2025-11-19,Ibuprofen 400mg,OTC,92,2.38,10.0,197.06,incasso,4,3.2,nee,0
ORD-100398,K1048,'s-Gravenhage,NL,2025-05-04,Vitamine D3 25mcg,OTC,38,7.36,0.0,279.68,creditcard,4,3.5,nee,0
ORD-100707,K1139,utrecht,NL,2025-04-30,Salbutamol inhalator,Rx,11,19.25,10.0,190.58,creditcard,4,2.8,nee,0
ORD-100560,K1028,Utrceht,NL,08-08-2025,Levothyroxine 50mcg,Rx,5,3.14,5.0,14.92,incasso,4,1.9,nee,0
ORD-101746,K1032,Rotterdam,NL,04-02-2025,Metformine 850mg,Rx,5,4.26,15.0,18.1,vooruitbetaling,4,2.0,nee,0
ORD-100653,K1032,,BEL,2025-08-08,Paracetamol 500mg,OTC,12,1.8,5.0,20.52,,4,4.4,nee,1
ORD-102106,K1069,Eindhoven,NL,2025-08-09,Paracetamol 500mg,OTC,27,1.79,0.0,48.33,creditcard,4,5.3,ja,1
ORD-102182,K1064,A'dam,NL,2025-07-07,Insuline pen,Koelketen,7,43.95,0.0,307.65,factuur,6,4.8,nee,0
ORD-100955,K1087,Amsterdam ,NL,18/01/25,Paracetamol 500mg,OTC,47,1.9,0.0,89.3,factuur,4,1.7,nee,0
ORD-101270,K1110,'s-Gravenhage,NL,29/03/25,Paracetamol 500mg,OTC,198,1.85,5.0,347.98,creditcard,4,2.6,nee,0
ORD-102175,K1099,Zwolle,NL,2025-07-06,Paracetamol 500mg,OTC,27,1.93,0.0,52.11,incasso,4,1.1,nee,0
ORD-102121,K1072,Amsterdam ,NL,2025-08-29,Ibuprofen 400mg,OTC,9999,2.51,0.0,67.77,incasso,4,6.1,ja,1
ORD-100469,K1053,Maastricht,NL,08/01/25,Salbutamol inhalator,Rx,27,18.86,5.0,483.76,creditcard,4,1.7,nee,0
ORD-100986,K1156,'s-Gravenhage,NL,16-10-2025,Salbutamol inhalator,Rx,253,19.08,10.0,4344.52,incasso,4,4.1,ja,1
ORD-101205,K1098,Groningen,NL,18/10/25,Metformine 850mg,Rx,46,4.46,0.0,205.16,factuur,4,4.2,ja,1
ORD-101124,K1104,Zwolle,NL,2025-06-03,Salbutamol inhalator,Rx,9,18.22,5.0,155.78,factuur,4,1.3,nee,0
ORD-100809,K1096,Groningen,NL,28/02/25,Vitamine D3 25mcg,OTC,19,7.27,10.0,124.32,creditcard,4,3.5,nee,0
ORD-102069,K1168,Maastricht,NL,21/08/25,Levothyroxine 50mcg,Rx,9,2.91,,23.57,factuur,4,3.6,nee,0
ORD-100130,K1166,Amsterdam ,NL,2025-08-25,Salbutamol inhalator,Rx,21,18.59,10.0,351.35,vooruitbetaling,4,3.0,nee,0
ORD-100981,K1150,antwerpen,BEL,2025-01-06,Vitamine D3 25mcg,OTC,68,7.21,0.0,490.28,vooruitbetaling,4,3.0,nee,0
ORD-100847,K1029,utrecht,NL,09-06-2025,Levothyroxine 50mcg,Rx,17,3.08,10.0,47.12,vooruitbetaling,4,1.0,nee,0
ORD-101149,K1080,antwerpen,BE,01/03/25,Omeprazol 20mg,Rx,52,5.3,5.0,261.82,factuur,4,2.2,nee,0
ORD-100944,K1142,Gent,BEL,20-05-2025,Levothyroxine 50mcg,Rx,60,3.01,10.0,162.54,creditcard,4,1.9,nee,0
ORD-100024,K1101,Amsterdam ,NL,2025-03-04,Vitamine D3 25mcg,OTC,59,7.42,10.0,394.0,,4,3.9,nee,0
ORD-100583,K1065,Maastricht,NL,2025-11-03,Salbutamol inhalator,Rx,33,17.8,0.0,587.4,creditcard,4,1.8,nee,0
ORD-100391,K1064,Amsterdam ,NL,10-06-2025,Salbutamol inhalator,Rx,4,18.75,0.0,75.0,creditcard,4,1.9,nee,0
ORD-100342,K1097,amsterdam,NL,2025-05-03,Vitamine D3 25mcg,OTC,9,7.12,15.0,54.47,incasso,4,3.8,nee,0
ORD-101547,K1097,UTRECHT,NL,16/07/25,Levothyroxine 50mcg,Rx,13,3.09,20.0,32.14,factuur,4,3.7,nee,0
ORD-101527,K1101,utrecht,NL,21-07-2025,Levothyroxine 50mcg,Rx,3,2.97,15.0,7.57,vooruitbetaling,4,1.3,nee,0
ORD-100406,K1129,Utrceht,NL,20-09-2025,Metformine 850mg,Rx,33,4.42,10.0,131.27,incasso,4,3.3,nee,0
ORD-101049,K1067,Maastricht,NL,2025-04-01,Vitamine D3 25mcg,OTC,17,7.24,10.0,110.77,incasso,4,1.7,nee,0
ORD-100155,K1173,rotterdam,NL,08/04/25,Salbutamol inhalator,Rx,22,18.36,15.0,343.33,creditcard,4,1.1,nee,0
ORD-102105,K1068,Rotterdam,NL,05/04/25,Paracetamol 500mg,OTC,18,1.88,20.0,27.07,creditcard,4,3.6,nee,0
ORD-101679,K1142,Groningen,NL,27-06-2025,Insuline pen,Koelketen,35,43.71,0.0,1529.85,creditcard,6,3.4,nee,0
ORD-102086,K1029,Utrceht,NL,2025-05-26,Vitamine D3 25mcg,OTC,39,7.46,10.0,261.85,factuur,4,3.0,nee,0
ORD-101022,K1126,Utrecht ,NL,17-07-2025,Levothyroxine 50mcg,Rx,41,3.07,0.0,125.87,factuur,4,3.2,nee,0
ORD-100872,K1144,UTRECHT,NL,2025-09-01,Insuline pen,Koelketen,21,42.22,5.0,842.29,vooruitbetaling,6,5.2,nee,0
ORD-101566,K1165,Rotterdam,NL,18/10/25,Salbutamol inhalator,Rx,102,18.02,5.0,1746.14,vooruitbetaling,4,2.2,nee,0
ORD-101888,K1156,Utrceht,NL,2025-06-08,Metformine 850mg,Rx,74,4.4,0.0,325.6,creditcard,4,2.8,nee,0
ORD-100629,K1021,Utrecht,NL,2025-08-04,Metformine 850mg,Rx,4,4.2,0.0,16.8,creditcard,4,2.1,nee,0
ORD-100551,K1095,Utrceht,NL,01-03-2025,Omeprazol 20mg,Rx,15,5.31,10.0,71.68,creditcard,4,3.6,nee,0
ORD-100225,K1175,Eindhoven,NL,25-09-2025,Paracetamol 500mg,OTC,13,1.83,10.0,21.41,creditcard,4,1.7,nee,0
ORD-102139,K1172,Amsterdam ,NL,03/04/25,Paracetamol 500mg,OTC,3,1.89,15.0,4.82,creditcard,4,1.5,nee,0
ORD-101469,K1131,utrecht,NL,2025-08-27,Insuline pen,Koelketen,7,40.32,0.0,282.24,vooruitbetaling,6,3.3,nee,0
ORD-101461,K1023,amsterdam,NL,12/01/25,Ibuprofen 400mg,OTC,3,2.34,0.0,7.02,,4,2.6,nee,0
ORD-101056,K1122,Amsterdam ,NL,28-11-2025,Omeprazol 20mg,Rx,22,4.92,10.0,97.42,factuur,4,3.2,nee,0
ORD-100880,K1126,Gent,Belgie,2025-04-07,Metformine 850mg,Rx,7,4.15,20.0,23.24,factuur,4,1.7,nee,0
ORD-101922,K1139,rotterdam,NL,2025-05-13,Insuline pen,Koelketen,21,43.12,0.0,905.52,creditcard,6,3.5,nee,0
ORD-100179,K1161,utrecht,NL,2025-08-25,Simvastatine 40mg,Rx,113,3.94,15.0,378.44,creditcard,4,5.1,nee,1
ORD-100947,K1075,Groningen,NL,06-02-2025,Metformine 850mg,Rx,57,3.96,10.0,203.15,incasso,4,4.1,ja,1
ORD-101434,K1142,utrecht,NL,2025-01-08,Paracetamol 500mg,OTC,6,1.9,10.0,10.26,factuur,4,1.9,nee,0
ORD-101087,K1073,Eindhoven,NL,17/09/25,Metformine 850mg,Rx,19,4.08,5.0,73.64,incasso,4,4.4,nee,1
ORD-100010,K1077,utrecht,NL,30-08-2025,Metformine 850mg,Rx,9,4.2,0.0,37.8,incasso,4,2.1,nee,0
ORD-100354,K1081,Amsterdam,NL,13/05/25,Vitamine D3 25mcg,OTC,8,7.59,0.0,60.72,vooruitbetaling,4,1.0,nee,0
ORD-100067,K1141,Utrecht,NL,2025-08-04,Omeprazol 20mg,Rx,19,5.09,10.0,87.04,factuur,4,1.9,nee,0
ORD-101847,K1018,Gent,Belgie,13-10-2025,Vitamine D3 25mcg,OTC,24,7.24,5.0,165.07,vooruitbetaling,4,2.3,nee,0
ORD-100145,K1038,Den Haag,NL,2025-05-18,Omeprazol 20mg,Rx,3,5.04,,13.61,vooruitbetaling,4,5.1,ja,1
ORD-101044,K1067,Eindhoven,NL,18/03/25,Paracetamol 500mg,OTC,44,1.87,20.0,65.82,incasso,4,3.1,nee,0
ORD-100415,K1085,Amsterdam,NL,27/04/25,Salbutamol inhalator,Rx,23,17.72,0.0,407.56,vooruitbetaling,4,2.9,nee,0
ORD-100392,K1127,Eindhoven,NL,11/01/25,Simvastatine 40mg,Rx,92,3.9,20.0,287.04,incasso,4,3.2,nee,0
ORD-101530,K1124,Amsterdam ,NL,2025-09-21,Amoxicilline 250mg,Rx,79,6.77,20.0,427.86,creditcard,4,2.2,nee,0
ORD-102159,K1108,Groningen,NL,26-05-2025,Simvastatine 40mg,Rx,45,4.13,15.0,157.97,factuur,4,3.4,nee,0
ORD-100523,K1052,Amsterdam,NL,13/01/25,Omeprazol 20mg,Rx,24,5.22,0.0,125.28,factuur,4,2.8,nee,0
ORD-100165,K1178,rotterdam,NL,2025-02-15,Salbutamol inhalator,Rx,20,18.16,5.0,345.04,,4,,ja,1
ORD-100171,K1119,A'dam,NL,20/03/25,Paracetamol 500mg,OTC,60,1.78,0.0,106.8,creditcard,4,1.0,nee,0
ORD-100437,K1163,den haag,NL,21-11-2025,Vitamine D3 25mcg,OTC,54,7.4,15.0,339.66,vooruitbetaling,4,3.0,nee,0
ORD-102342,K1042,Zwolle,NL,30-09-2025,Simvastatine 40mg,Rx,59,3.98,15.0,199.6,factuur,4,2.4,nee,0
ORD-101763,K1127,den haag,NL,2025-11-20,Levothyroxine 50mcg,Rx,7,3.24,10.0,20.41,creditcard,4,2.7,nee,0
ORD-101769,K1014,Den Haag,NL,2025-06-23,Ibuprofen 400mg,OTC,5,2.25,5.0,10.69,incasso,4,2.7,nee,0
ORD-100055,K1153,Utrecht ,NL,2025-10-23,Metformine 850mg,Rx,13,4.16,5.0,51.38,vooruitbetaling,4,2.7,nee,0
ORD-100138,K1122,Den Haag,NL,2025-10-12,Omeprazol 20mg,Rx,16,4.9,0.0,78.4,creditcard,4,3.2,nee,0
ORD-100463,K1013,,NL,26/06/25,Insuline pen,Koelketen,47,41.96,0.0,1972.12,factuur,6,1.4,nee,0
ORD-100195,K1096,Utrceht,NL,08-07-2025,Omeprazol 20mg,Rx,25,5.16,20.0,103.2,vooruitbetaling,4,2.3,nee,0
ORD-102025,K1003,UTRECHT,NL,05/08/25,Vitamine D3 25mcg,OTC,21,7.05,5.0,140.65,incasso,4,1.3,nee,0
ORD-101059,K1154,Utrceht,NL,28-10-2025,Levothyroxine 50mcg,Rx,110,3.14,0.0,345.4,factuur,4,3.0,nee,0
ORD-100449,K1005,Eindhoven,NL,15/09/25,Vitamine D3 25mcg,OTC,19,7.14,20.0,108.53,factuur,4,3.7,nee,0
ORD-100546,K1004,rotterdam,NL,2025-08-25,Paracetamol 500mg,OTC,64,1.88,0.0,120.32,creditcard,4,3.5,nee,0
ORD-101349,K1066,Eindhoven,NL,13/06/25,Paracetamol 500mg,OTC,21,1.82,20.0,30.58,vooruitbetaling,4,5.3,nee,1
ORD-100988,K1020,amsterdam,NL,06-08-2025,Levothyroxine 50mcg,Rx,25,3.06,0.0,76.5,incasso,4,1.0,nee,0
ORD-102196,K1101,Eindhoven,NL,28/08/25,Simvastatine 40mg,Rx,11,3.88,0.0,42.68,creditcard,4,2.3,nee,0
ORD-100969,K1029,,NL,30-04-2025,Ibuprofen 400mg,OTC,3,2.47,20.0,5.93,incasso,4,3.2,nee,0
ORD-102147,K1109,Antwerpen,BE,13/02/25,Ibuprofen 400mg,OTC,100,2.54,10.0,228.6,creditcard,4,3.6,nee,0
ORD-101982,K1010,Anvers,BEL,2025-10-13,Omeprazol 20mg,Rx,8,5.27,5.0,40.05,vooruitbetaling,4,2.5,nee,0
ORD-100174,K1046,Den  Haag,NL,23/01/25,Vitamine D3 25mcg,OTC,27,7.54,15.0,173.04,creditcard,4,1.8,nee,0
ORD-102299,K1111,Zwolle,NL,2025-04-21,Levothyroxine 50mcg,Rx,13,3.11,5.0,38.41,vooruitbetaling,4,1.0,nee,0
ORD-100254,K1070,Eindhoven,NL,21-03-2025,Amoxicilline 250mg,Rx,22,6.72,0.0,147.84,vooruitbetaling,4,4.3,ja,1
ORD-101157,K1092,Eindhoven,NL,05-05-2025,Simvastatine 40mg,Rx,108,4.09,5.0,419.63,creditcard,4,1.7,nee,0
ORD-100385,K1044,Amsterdam ,NL,28/04/25,Insuline pen,Koelketen,56,43.48,15.0,2069.65,factuur,6,3.8,nee,0
ORD-100444,K1135,Rotterdam,NL,15-09-2025,Salbutamol inhalator,Rx,3,18.69,10.0,50.46,vooruitbetaling,4,1.2,nee,0
ORD-101101,K1048,Rotterdam,NL,26-06-2025,Vitamine D3 25mcg,OTC,59,7.38,20.0,348.34,incasso,4,2.2,nee,0
ORD-101622,K1079,Amsterdam,NL,10/04/25,Paracetamol 500mg,OTC,58,1.79,20.0,83.06,incasso,4,1.8,nee,0
ORD-102261,K1141,Eindhoven,NL,2025-11-07,Paracetamol 500mg,OTC,18,1.94,5.0,33.17,factuur,4,3.3,nee,0
ORD-100711,K1160,utrecht,NL,22-01-2025,Omeprazol 20mg,Rx,16,4.88,5.0,74.18,creditcard,4,2.7,nee,0
ORD-100837,K1138,Groningen,NL,15-01-2025,Metformine 850mg,Rx,8,4.21,,33.68,,4,2.1,nee,0
ORD-102383,K1058,Groningen,NL,2025-08-25,Simvastatine 40mg,Rx,34,3.65,0.0,124.1,incasso,4,1.3,nee,0
ORD-101289,K1154,Utrecht ,NL,17-04-2025,Levothyroxine 50mcg,Rx,29,3.19,0.0,92.51,incasso,4,3.0,nee,0
ORD-100912,K1173,antwerpen,BEL,20-05-2025,Ibuprofen 400mg,OTC,10,2.41,10.0,21.69,factuur,4,1.1,nee,0
ORD-101581,K1085,Gent,BEL,2025-10-11,Vitamine D3 25mcg,OTC,13,7.18,0.0,93.34,factuur,4,2.7,nee,0
ORD-100089,K1072,Utrecht ,NL,2025-10-23,Metformine 850mg,Rx,18,4.48,20.0,64.51,factuur,4,2.1,nee,0
ORD-101951,K1040,Anvers,Belgie,2025-03-22,Salbutamol inhalator,Rx,19,18.47,20.0,280.74,vooruitbetaling,4,4.0,nee,0
ORD-101733,K1060,Eindhoven,NL,18/06/25,Metformine 850mg,Rx,73,4.14,10.0,272.0,factuur,4,2.8,nee,0
ORD-101305,K1039,den haag,NL,2025-10-10,Ibuprofen 400mg,OTC,37,2.28,20.0,67.49,vooruitbetaling,4,1.9,nee,0
ORD-102352,K1071,utrecht,NL,18-09-2025,Metformine 850mg,Rx,11,4.08,,35.9,creditcard,4,1.0,nee,0
ORD-100000,K1026,Groningen,NL,17/06/25,Amoxicilline 250mg,Rx,45,6.83,10.0,276.62,incasso,4,3.6,nee,0
ORD-102047,K1149,Anvers,Belgie,02-04-2025,Paracetamol 500mg,OTC,176,1.91,15.0,285.74,vooruitbetaling,4,3.5,nee,0
ORD-100822,K1058,'s-Gravenhage,NL,2025-09-10,Vitamine D3 25mcg,OTC,13,7.05,0.0,91.65,vooruitbetaling,4,1.0,nee,0
ORD-100613,K1080,Rotterdam,NL,23-04-2025,Ibuprofen 400mg,OTC,26,2.38,10.0,55.69,factuur,4,1.0,nee,0
ORD-101029,K1146,Eindhoven,NL,25-06-2025,Metformine 850mg,Rx,67,4.16,15.0,236.91,creditcard,4,2.1,nee,0
ORD-102070,K1100,Maastricht,NL,25-01-2025,Ibuprofen 400mg,OTC,23,2.41,0.0,55.43,factuur,4,3.7,nee,0
ORD-101329,K1047,Groningen,NL,22-10-2025,Simvastatine 40mg,Rx,38,3.93,0.0,149.34,incasso,4,2.3,nee,0
ORD-101125,K1174,A'dam,NL,13/02/25,Simvastatine 40mg,Rx,-5,3.83,20.0,48.98,factuur,4,2.5,nee,0
ORD-101697,K1074,Maastricht,NL,2025-10-18,Ibuprofen 400mg,OTC,57,2.49,5.0,134.83,vooruitbetaling,4,3.9,nee,0
ORD-100039,K1092,amsterdam,NL,2025-06-15,Ibuprofen 400mg,OTC,12,2.44,15.0,24.89,factuur,4,2.1,nee,0
ORD-101894,K1101,Gent,BE,18-01-2025,Ibuprofen 400mg,OTC,43,2.35,15.0,85.89,factuur,4,2.1,nee,0
ORD-101012,K1148,UTRECHT,NL,11-04-2025,Vitamine D3 25mcg,OTC,48,7.54,,343.82,vooruitbetaling,4,4.0,nee,1
ORD-100943,K1144,Groningen,NL,14/07/25,Salbutamol inhalator,Rx,10,18.11,0.0,181.1,factuur,4,2.0,nee,0
ORD-101552,K1125,Utrecht,NL,29/04/25,Amoxicilline 250mg,Rx,9,6.61,10.0,53.54,factuur,4,2.0,nee,0
ORD-100665,K1072,Utrecht ,NL,07/10/25,Simvastatine 40mg,Rx,21,4.02,5.0,80.2,incasso,4,1.5,nee,0
ORD-100452,K1021,rotterdam,NL,2025-04-11,Levothyroxine 50mcg,Rx,140,3.07,20.0,343.84,factuur,4,4.7,ja,1
ORD-100780,K1050,Groningen,NL,20/05/25,Ibuprofen 400mg,OTC,12,2.39,0.0,28.68,creditcard,4,2.5,nee,0
ORD-101148,K1075,Gent,Belgie,19/06/25,Vitamine D3 25mcg,OTC,9,7.76,5.0,66.35,creditcard,4,3.6,nee,0
ORD-100177,K1168,'s-Gravenhage,NL,2025-07-16,Levothyroxine 50mcg,Rx,34,3.03,0.0,103.02,factuur,4,,nee,0
ORD-100136,K1072,utrecht,NL,14/10/25,Vitamine D3 25mcg,OTC,39,7.42,10.0,260.44,incasso,4,1.0,nee,0
ORD-100336,K1133,Amsterdam,NL,07/07/25,Levothyroxine 50mcg,Rx,17,3.24,15.0,46.82,vooruitbetaling,4,1.7,nee,0
ORD-100118,K1075,amsterdam,NL,05/09/25,Metformine 850mg,Rx,26,4.19,0.0,108.94,creditcard,4,4.9,nee,1
ORD-101344,K1086,amsterdam,NL,27-09-2025,Omeprazol 20mg,Rx,10,5.21,5.0,49.5,factuur,4,1.5,nee,0
ORD-101556,K1129,,NL,2025-04-01,Levothyroxine 50mcg,Rx,8,3.08,20.0,19.71,factuur,4,2.0,nee,0
ORD-102353,K1102,Rotterdam,NL,01/07/25,Salbutamol inhalator,Rx,19,18.8,5.0,339.34,,4,1.4,nee,0
ORD-101816,K1118,Groningen,NL,12-09-2025,Simvastatine 40mg,Rx,20,3.96,15.0,67.32,creditcard,4,4.6,nee,1
ORD-101529,K1107,rotterdam,NL,2025-07-05,Levothyroxine 50mcg,Rx,49,3.01,5.0,140.12,,4,2.7,nee,0
ORD-101600,K1160,Zwolle,NL,14-05-2025,Amoxicilline 250mg,Rx,11,6.9,15.0,64.52,factuur,4,2.7,nee,0
ORD-101641,K1011,Utrceht,NL,10/06/25,Omeprazol 20mg,Rx,16,5.09,0.0,81.44,creditcard,4,2.0,nee,0
ORD-100351,K1107,Utrecht,NL,2025-07-30,Paracetamol 500mg,OTC,25,1.85,10.0,41.62,vooruitbetaling,4,1.3,nee,0
ORD-100624,K1012,Den Haag,NL,2025-05-22,Omeprazol 20mg,Rx,20,5.17,5.0,98.23,incasso,4,,nee,0
ORD-100192,K1154,Groningen,NL,28-04-2025,Paracetamol 500mg,OTC,83,1.82,5.0,143.51,creditcard,4,3.9,nee,0
ORD-102099,K1116,Amsterdam,NL,2025-10-18,Salbutamol inhalator,Rx,40,19.45,15.0,661.3,incasso,4,2.7,nee,0
ORD-101990,K1029,Amsterdam ,NL,06/05/25,Ibuprofen 400mg,OTC,37,2.39,0.0,88.43,vooruitbetaling,4,2.2,nee,0
ORD-101831,K1072,Rotterdam,NL,08/05/25,Omeprazol 20mg,Rx,11,5.02,15.0,46.94,factuur,4,1.1,nee,0
ORD-101551,K1128,rotterdam,NL,2025-11-21,Vitamine D3 25mcg,OTC,6,7.25,20.0,34.8,incasso,4,1.0,nee,0
ORD-100135,K1106,Amsterdam ,NL,05/10/25,Levothyroxine 50mcg,Rx,7,3.2,20.0,17.92,factuur,4,2.4,nee,0
ORD-102089,K1025,rotterdam,NL,17/08/25,Ibuprofen 400mg,OTC,38,2.34,10.0,80.03,creditcard,4,1.6,nee,0
ORD-100460,K1110,Eindhoven,NL,27/08/25,Levothyroxine 50mcg,Rx,6,3.05,5.0,17.38,vooruitbetaling,4,2.0,nee,0
ORD-100041,K1168,UTRECHT,NL,2025-05-07,Metformine 850mg,Rx,114,4.21,20.0,383.95,factuur,4,3.1,nee,0
ORD-100723,K1074,Gent,Belgie,20/02/25,Insuline pen,Koelketen,13,42.27,5.0,522.03,factuur,6,4.0,nee,0
ORD-100698,K1176,Amsterdam ,NL,2025-01-06,Vitamine D3 25mcg,OTC,112,7.84,5.0,834.18,creditcard,4,,nee,0
ORD-100636,K1135,UTRECHT,NL,2025-05-07,Vitamine D3 25mcg,OTC,8,7.28,0.0,58.24,factuur,4,1.5,nee,0
ORD-100358,K1128,Groningen,NL,2025-02-25,Levothyroxine 50mcg,Rx,30,3.06,5.0,87.21,creditcard,4,1.0,nee,0
ORD-102336,K1072,Amsterdam ,NL,2025-06-19,Paracetamol 500mg,OTC,8,1.84,15.0,12.51,incasso,4,2.0,nee,0
ORD-101321,K1060,A'dam,NL,03-11-2025,Omeprazol 20mg,Rx,35,5.33,5.0,177.22,factuur,4,1.0,nee,0
ORD-101613,K1019,Utrceht,NL,25-05-2025,Amoxicilline 250mg,Rx,12,7.04,5.0,80.26,creditcard,4,3.0,nee,0
ORD-102262,K1004,UTRECHT,NL,08/03/25,Amoxicilline 250mg,Rx,17,6.93,20.0,94.25,factuur,4,1.4,nee,0
ORD-102207,K1156,antwerpen,BE,2025-08-05,Ibuprofen 400mg,OTC,16,2.52,20.0,32.26,creditcard,4,1.5,nee,0
ORD-100558,K1058,,NL,09-07-2025,Ibuprofen 400mg,OTC,10,2.37,15.0,20.15,vooruitbetaling,4,3.0,nee,0
ORD-101525,K1056,amsterdam,NL,21/07/25,Levothyroxine 50mcg,Rx,13,2.96,0.0,38.48,factuur,4,4.6,ja,1
ORD-100813,K1079,Utrceht,NL,12-02-2025,Ibuprofen 400mg,OTC,15,2.54,10.0,34.29,,4,2.3,nee,0
ORD-100618,K1089,rotterdam,NL,24-04-2025,Vitamine D3 25mcg,OTC,40,7.22,10.0,259.92,creditcard,4,2.6,nee,0
ORD-100465,K1098,Groningen,NL,20/05/25,Metformine 850mg,Rx,22,4.17,15.0,77.98,creditcard,4,3.2,nee,0
ORD-101434,K1142,utrecht,NL,2025-01-08,Paracetamol 500mg,OTC,6,1.9,10.0,10.26,factuur,4,1.9,nee,0
ORD-100695,K1012,,BE,12/09/25,Simvastatine 40mg,Rx,18,4.07,15.0,62.27,creditcard,4,2.6,nee,0
ORD-102223,K1151,Groningen,NL,08-02-2025,Simvastatine 40mg,Rx,28,3.9,10.0,98.28,creditcard,4,2.8,nee,0
ORD-101419,K1169,Maastricht,NL,11/06/25,Insuline pen,Koelketen,5,41.65,0.0,208.25,incasso,6,4.7,nee,0
ORD-102018,K1148,Rotterdam,NL,25-10-2025,Levothyroxine 50mcg,Rx,13,3.0,5.0,37.05,incasso,4,3.8,nee,0
ORD-101702,K1108,Rotterdam,NL,27-06-2025,Vitamine D3 25mcg,OTC,79,7.36,15.0,494.22,incasso,4,2.9,nee,0
ORD-100079,K1020,amsterdam,NL,06-02-2025,Levothyroxine 50mcg,Rx,22,3.04,5.0,63.54,vooruitbetaling,4,3.7,nee,0
ORD-102284,K1049,Utrceht,NL,01-02-2025,Vitamine D3 25mcg,OTC,11,7.09,5.0,74.09,factuur,4,2.5,nee,0
ORD-101710,K1174,rotterdam,NL,2025-08-09,Vitamine D3 25mcg,OTC,114,7.15,0.0,815.1,,4,6.0,nee,1
ORD-100491,K1064,Utrceht,NL,17/08/25,Vitamine D3 25mcg,OTC,43,7.37,10.0,285.22,vooruitbetaling,4,4.6,nee,1
ORD-102337,K1152,Zwolle,NL,2025-03-05,Omeprazol 20mg,Rx,18,4.83,5.0,82.59,factuur,4,1.0,nee,0
ORD-100527,K1163,Anvers,BEL,21-11-2025,Levothyroxine 50mcg,Rx,12,3.03,,36.36,,4,3.0,nee,0
ORD-101872,K1120,,NL,05/08/25,Levothyroxine 50mcg,Rx,11,3.08,10.0,30.49,incasso,4,2.4,nee,0
ORD-101050,K1052,Gent,BEL,16/11/25,Ibuprofen 400mg,OTC,6,2.42,20.0,11.62,incasso,4,3.6,nee,0
ORD-101919,K1043,Amsterdam ,NL,18-03-2025,Omeprazol 20mg,Rx,18,5.13,0.0,92.34,factuur,4,2.3,nee,0
ORD-101984,K1148,amsterdam,NL,18/08/25,Salbutamol inhalator,Rx,9,18.71,10.0,151.55,,4,2.3,nee,0
ORD-102313,K1175,Rotterdam,NL,20-08-2025,Omeprazol 20mg,Rx,129,5.0,10.0,580.5,vooruitbetaling,4,2.5,nee,0
ORD-102091,K1093,Den  Haag,NL,28/08/25,Omeprazol 20mg,Rx,19,5.07,20.0,77.06,vooruitbetaling,4,1.5,nee,0
ORD-101444,K1043,Den Haag,NL,19-09-2025,Salbutamol inhalator,Rx,50,18.95,0.0,947.5,factuur,4,2.8,nee,0
ORD-102098,K1158,Maastricht,NL,06/03/25,Paracetamol 500mg,OTC,18,1.87,0.0,33.66,vooruitbetaling,4,3.0,nee,0
ORD-101165,K1130,A'dam,NL,15/03/25,Omeprazol 20mg,Rx,29,5.04,20.0,116.93,creditcard,4,2.8,nee,0
ORD-100718,K1026,Eindhoven,NL,2025-03-08,Salbutamol inhalator,Rx,226,19.37,10.0,3939.86,creditcard,4,5.4,ja,1
ORD-102245,K1008,Anvers,BEL,02/06/25,Salbutamol inhalator,Rx,46,17.67,5.0,772.18,incasso,4,1.0,nee,0
ORD-102233,K1132,Rotterdam,NL,2025-01-26,Amoxicilline 250mg,Rx,77,6.75,10.0,467.78,creditcard,4,3.1,nee,0
ORD-101481,K1006,Zwolle,NL,06-04-2025,Paracetamol 500mg,OTC,61,1.83,15.0,94.89,factuur,4,,ja,1
ORD-101135,K1150,Rotterdam,NL,2025-03-28,Ibuprofen 400mg,OTC,28,2.32,0.0,64.96,incasso,4,6.1,ja,1
ORD-101830,K1005,A'dam,NL,2025-01-31,Metformine 850mg,Rx,9,3.96,5.0,33.86,creditcard,4,3.4,nee,0
ORD-102212,K1066,Rotterdam,NL,2025-01-20,Paracetamol 500mg,OTC,6,1.77,0.0,10.62,factuur,4,2.3,nee,0
ORD-101580,K1125,utrecht,NL,01-07-2025,Ibuprofen 400mg,OTC,35,2.33,5.0,77.47,creditcard,4,2.7,nee,0
ORD-100479,K1159,Antwerpen,Belgie,2025-02-27,Ibuprofen 400mg,OTC,38,2.34,5.0,84.47,vooruitbetaling,4,2.2,nee,0
ORD-102286,K1102,Maastricht,NL,2025-02-04,Salbutamol inhalator,Rx,39,18.24,,711.36,,4,3.0,nee,0
ORD-101952,K1019,Groningen,NL,14-07-2025,Vitamine D3 25mcg,OTC,19,6.87,0.0,130.53,,4,2.0,nee,0
ORD-100102,K1143,Zwolle,NL,2025-01-30,Metformine 850mg,Rx,67,4.35,10.0,262.3,factuur,4,3.7,nee,0
ORD-101478,K1135,Utrecht ,NL,2025-06-18,Vitamine D3 25mcg,OTC,18,7.33,0.0,131.94,vooruitbetaling,4,1.2,nee,0
ORD-101326,K1101,Gent,BEL,07/07/25,Vitamine D3 25mcg,OTC,20,7.06,5.0,134.14,incasso,4,1.0,nee,0
ORD-100663,K1042,Gent,BEL,11/05/25,Salbutamol inhalator,Rx,12,18.63,10.0,201.2,factuur,4,4.0,nee,0
ORD-101403,K1050,Zwolle,NL,19/07/25,Omeprazol 20mg,Rx,26,5.09,0.0,132.34,incasso,4,3.6,nee,0
ORD-100742,K1154,Eindhoven,NL,03-06-2025,Levothyroxine 50mcg,Rx,8,3.22,0.0,25.76,creditcard,4,1.6,nee,0
ORD-102127,K1164,Eindhoven,NL,2025-11-22,Vitamine D3 25mcg,OTC,11,7.57,20.0,66.62,vooruitbetaling,4,3.9,nee,0
ORD-100467,K1045,Gent,BEL,13/05/25,Salbutamol inhalator,Rx,3,17.77,0.0,53.31,incasso,4,1.9,nee,0
ORD-100053,K1064,Zwolle,NL,07/04/25,Omeprazol 20mg,Rx,39,4.94,10.0,173.39,vooruitbetaling,4,1.0,nee,0
ORD-100987,K1042,Rotterdam,NL,2025-07-30,Metformine 850mg,Rx,16,3.97,0.0,63.52,factuur,4,1.7,nee,0
ORD-101708,K1000,Groningen,NL,22/09/25,Vitamine D3 25mcg,OTC,26,7.04,0.0,183.04,factuur,4,1.9,nee,0
ORD-101892,K1015,Utrecht ,NL,26/10/25,Insuline pen,Koelketen,10,44.23,0.0,442.3,vooruitbetaling,6,2.7,nee,0
ORD-102033,K1116,A'dam,NL,02-04-2025,Simvastatine 40mg,Rx,11,4.03,10.0,39.9,creditcard,4,,nee,0
ORD-100068,K1083,Groningen,NL,19/05/25,Ibuprofen 400mg,OTC,13,2.35,20.0,24.44,creditcard,4,1.0,nee,0
ORD-100403,K1002,Amsterdam ,NL,2025-03-13,Metformine 850mg,Rx,21,4.19,0.0,87.99,factuur,4,4.3,ja,1
ORD-101570,K1004,Antwerpen,BEL,12/08/25,Amoxicilline 250mg,Rx,42,6.75,5.0,269.32,creditcard,4,1.0,nee,0
ORD-100717,K1019,Zwolle,NL,2025-09-03,Levothyroxine 50mcg,Rx,19,3.05,0.0,57.95,,4,3.4,nee,0
ORD-101100,K1163,Den Haag,NL,23-05-2025,Ibuprofen 400mg,OTC,9,2.34,,17.9,factuur,4,3.7,nee,0
ORD-100726,K1047,Den Haag,NL,28-05-2025,Metformine 850mg,Rx,48,4.18,10.0,180.58,vooruitbetaling,4,,ja,0
ORD-100333,K1013,A'dam,NL,2025-07-25,Vitamine D3 25mcg,OTC,8,6.99,10.0,50.33,creditcard,4,2.2,nee,0
ORD-101673,K1166,Anvers,BEL,2025-01-19,Salbutamol inhalator,Rx,74,17.72,0.0,1311.28,factuur,4,2.9,nee,0
ORD-102039,K1165,antwerpen,BE,26-02-2025,Levothyroxine 50mcg,Rx,3,2.97,0.0,8.91,creditcard,4,1.0,nee,0
ORD-101896,K1111,Groningen,NL,11/10/25,Metformine 850mg,Rx,106,4.18,20.0,354.46,creditcard,4,2.6,nee,0
ORD-101923,K1037,Gent,Belgie,10-01-2025,Levothyroxine 50mcg,Rx,31,3.06,5.0,90.12,vooruitbetaling,4,1.9,nee,0
ORD-100786,K1022,Antwerpen,BE,2025-06-03,Levothyroxine 50mcg,Rx,16,3.21,0.0,51.36,vooruitbetaling,4,3.1,nee,0
ORD-102343,K1092,Gent,BEL,20-05-2025,Insuline pen,Koelketen,148,42.78,20.0,5065.15,incasso,6,4.2,nee,0
ORD-101969,K1022,Groningen,NL,21/05/25,Salbutamol inhalator,Rx,10,19.61,10.0,176.49,incasso,4,2.2,nee,0
ORD-100784,K1009,amsterdam,NL,20/04/25,Paracetamol 500mg,OTC,9,1.83,0.0,16.47,factuur,4,4.0,ja,1
ORD-101173,K1003,Rotterdam,NL,2025-05-27,Levothyroxine 50mcg,Rx,57,3.03,0.0,172.71,creditcard,4,,ja,1
ORD-101158,K1060,Groningen,NL,21/01/25,Ibuprofen 400mg,OTC,10,2.47,0.0,24.7,creditcard,4,2.0,nee,0
ORD-101315,K1135,Gent,BE,2025-08-26,Vitamine D3 25mcg,OTC,29,7.53,0.0,218.37,factuur,4,1.0,nee,0
ORD-100954,K1163,Utrecht ,NL,18/03/25,Vitamine D3 25mcg,OTC,30,7.36,15.0,187.68,vooruitbetaling,4,1.4,nee,0
ORD-101137,K1020,Rotterdam,NL,14/03/25,Ibuprofen 400mg,OTC,90,2.55,,183.6,factuur,4,3.0,nee,0
ORD-102012,K1171,Amsterdam,NL,04/04/25,Omeprazol 20mg,Rx,14,5.27,0.0,73.78,incasso,4,,nee,1
ORD-101724,K1047,Rotterdam,NL,2025-08-07,Ibuprofen 400mg,OTC,5,2.36,20.0,9.44,vooruitbetaling,4,2.5,nee,0
ORD-100658,K1125,Utrceht,NL,2025-10-13,Ibuprofen 400mg,OTC,12,2.48,10.0,26.78,factuur,4,3.7,nee,0
ORD-100127,K1102,Amsterdam ,NL,2025-03-15,Paracetamol 500mg,OTC,108,1.89,20.0,163.3,incasso,4,4.3,nee,1
ORD-101583,K1087,,NL,17/04/25,Vitamine D3 25mcg,OTC,32,7.2,20.0,184.32,creditcard,4,2.5,nee,0
ORD-100922,K1002,Den Haag,NL,2025-03-22,Metformine 850mg,Rx,33,4.49,20.0,118.54,factuur,4,3.4,nee,0
ORD-102327,K1145,amsterdam,NL,2025-01-20,Metformine 850mg,Rx,16,4.14,10.0,59.62,creditcard,4,1.6,nee,0
ORD-102109,K1042,'s-Gravenhage,NL,2025-06-09,Vitamine D3 25mcg,OTC,8,7.25,15.0,49.3,incasso,4,,nee,0
ORD-101261,K1085,Utrceht,NL,28-07-2025,Levothyroxine 50mcg,Rx,54,3.06,15.0,140.45,factuur,4,1.8,nee,0
ORD-101532,K1151,rotterdam,NL,2025-07-03,Simvastatine 40mg,Rx,27,3.88,0.0,104.76,vooruitbetaling,4,2.3,nee,0
ORD-102087,K1038,UTRECHT,NL,24/03/25,Simvastatine 40mg,Rx,24,4.01,0.0,96.24,factuur,4,2.6,nee,0
ORD-100459,K1125,Gent,BE,2025-04-25,Omeprazol 20mg,Rx,5,5.14,5.0,24.42,creditcard,4,3.3,nee,0
ORD-101106,K1126,Groningen,NL,01/11/25,Ibuprofen 400mg,OTC,16,2.33,15.0,31.69,incasso,4,3.4,nee,0
ORD-100950,K1015,UTRECHT,NL,15-11-2025,Insuline pen,Koelketen,88,42.31,0.0,3723.28,vooruitbetaling,6,3.0,nee,0
ORD-101079,K1144,rotterdam,NL,2025-08-10,Omeprazol 20mg,Rx,24,5.0,0.0,120.0,factuur,4,2.8,nee,0
ORD-100769,K1053,'s-Gravenhage,NL,2025-06-18,Amoxicilline 250mg,Rx,44,6.7,0.0,294.8,factuur,4,1.8,nee,0
ORD-100074,K1178,amsterdam,NL,12-08-2025,Metformine 850mg,Rx,13,4.25,20.0,44.2,creditcard,4,1.6,nee,0
ORD-101989,K1057,utrecht,NL,2025-06-21,Ibuprofen 400mg,OTC,45,2.42,15.0,92.56,creditcard,4,5.0,nee,1
ORD-101129,K1030,den haag,NL,21-04-2025,Simvastatine 40mg,Rx,21,4.01,0.0,84.21,vooruitbetaling,4,3.8,nee,0
ORD-101187,K1171,Zwolle,NL,08-09-2025,Metformine 850mg,Rx,28,4.27,10.0,107.6,creditcard,4,1.0,nee,0
ORD-102096,K1012,Groningen,NL,2025-01-21,Amoxicilline 250mg,Rx,12,6.59,5.0,75.13,incasso,4,4.1,nee,1
ORD-101558,K1154,Eindhoven,NL,13-10-2025,Ibuprofen 400mg,OTC,14,2.47,0.0,34.58,incasso,4,1.9,nee,0
ORD-100461,K1148,Groningen,NL,16-08-2025,Levothyroxine 50mcg,Rx,32,3.03,5.0,92.11,incasso,4,2.9,nee,0
ORD-102211,K1005,rotterdam,NL,18-06-2025,Vitamine D3 25mcg,OTC,26,7.25,10.0,169.65,incasso,4,2.3,nee,0
ORD-100639,K1076,Amsterdam,NL,2025-10-24,Salbutamol inhalator,Rx,34,18.66,20.0,507.55,vooruitbetaling,4,3.0,nee,0
ORD-102320,K1146,Utrecht,NL,30/03/25,Omeprazol 20mg,Rx,18,5.19,5.0,88.75,vooruitbetaling,4,1.5,nee,0
ORD-100917,K1055,Den Haag,NL,27/08/25,Paracetamol 500mg,OTC,8,1.88,0.0,15.04,vooruitbetaling,4,,nee,0
ORD-102065,K1084,Eindhoven,NL,03-09-2025,Paracetamol 500mg,OTC,15,1.93,5.0,27.5,incasso,4,2.2,nee,0
ORD-100518,K1130,Utrceht,NL,09-11-2025,Metformine 850mg,Rx,29,4.2,5.0,115.71,factuur,4,3.3,nee,0
ORD-100757,K1013,Groningen,NL,03/04/25,Ibuprofen 400mg,OTC,19,2.47,,42.24,factuur,4,1.9,nee,0
ORD-101615,K1053,Amsterdam ,NL,03/04/25,Insuline pen,Koelketen,18,40.24,0.0,724.32,vooruitbetaling,6,4.7,nee,0
ORD-102145,K1048,Amsterdam,NL,08-05-2025,Metformine 850mg,Rx,103,4.3,0.0,442.9,creditcard,4,3.7,nee,0
ORD-100929,K1073,Groningen,NL,30/11/25,Vitamine D3 25mcg,OTC,4,7.11,10.0,25.6,incasso,4,3.7,nee,0
ORD-100230,K1083,amsterdam,NL,12/07/25,Paracetamol 500mg,OTC,4,1.9,15.0,6.46,factuur,4,1.0,nee,0
ORD-102361,K1105,Den Haag,NL,01-10-2025,Amoxicilline 250mg,Rx,11,6.82,5.0,83.55,factuur,4,3.0,nee,0
ORD-100412,K1103,Amsterdam,NL,03-11-2025,Paracetamol 500mg,OTC,75,1.8,10.0,121.5,creditcard,4,1.8,nee,0
ORD-101319,K1179,antwerpen,Belgie,22-04-2025,Paracetamol 500mg,OTC,8,1.91,10.0,13.75,incasso,4,1.3,nee,0
ORD-100555,K1088,Utrecht ,NL,23/10/25,Simvastatine 40mg,Rx,7,4.02,,28.14,,4,3.9,nee,0
ORD-100543,K1012,Groningen,NL,05/07/25,Metformine 850mg,Rx,6,4.33,5.0,24.68,factuur,4,2.4,nee,0
ORD-101777,K1051,amsterdam,NL,02-11-2025,Ibuprofen 400mg,OTC,13,2.44,0.0,31.72,incasso,4,3.6,nee,0
ORD-102078,K1138,Utrecht ,NL,2025-05-24,Levothyroxine 50mcg,Rx,23,2.98,10.0,61.69,,4,1.7,nee,0
ORD-102005,K1047,Rotterdam,NL,07/03/25,Levothyroxine 50mcg,Rx,29,3.05,10.0,79.6,creditcard,4,3.4,nee,0
ORD-101870,K1123,Utrecht ,NL,2025-10-06,Vitamine D3 25mcg,OTC,15,7.25,15.0,92.44,incasso,4,2.2,nee,0
ORD-102003,K1034,Maastricht,NL,05/03/25,Salbutamol inhalator,Rx,18,18.52,0.0,333.36,,4,1.6,nee,0
ORD-100098,K1073,Gent,Belgie,21/07/25,Paracetamol 500mg,OTC,3,1.91,0.0,5.73,creditcard,4,3.4,nee,0
ORD-101648,K1038,Amsterdam,NL,06-06-2025,Simvastatine 40mg,Rx,6,3.93,10.0,21.22,incasso,4,2.5,nee,0
ORD-101430,K1053,Amsterdam ,NL,23-01-2025,Salbutamol inhalator,Rx,63,19.13,5.0,1144.93,factuur,4,1.1,nee,0
ORD-101250,K1066,Den  Haag,NL,2025-07-25,Levothyroxine 50mcg,Rx,23,3.2,0.0,73.6,vooruitbetaling,4,3.0,nee,0
ORD-100644,K1022,Eindhoven,NL,04/04/25,Vitamine D3 25mcg,OTC,17,6.92,5.0,111.76,creditcard,4,,nee,0
ORD-101005,K1041,rotterdam,NL,2025-02-08,Paracetamol 500mg,OTC,40,1.91,0.0,76.4,factuur,4,2.6,nee,0
ORD-102198,K1031,Maastricht,NL,28-07-2025,Amoxicilline 250mg,Rx,31,7.02,0.0,217.62,factuur,4,1.5,nee,0
ORD-100958,K1060,rotterdam,NL,2025-03-15,Omeprazol 20mg,Rx,31,5.29,10.0,147.59,vooruitbetaling,4,3.8,nee,0
ORD-101470,K1135,Eindhoven,NL,20-03-2025,Vitamine D3 25mcg,OTC,18,7.73,10.0,125.23,factuur,4,1.6,nee,0
ORD-100664,K1160,Zwolle,NL,27/04/25,Simvastatine 40mg,Rx,3,3.96,5.0,11.29,incasso,4,1.7,nee,0
ORD-102021,K1171,Antwerpen,Belgie,01/11/25,Vitamine D3 25mcg,OTC,5,7.07,5.0,33.58,vooruitbetaling,4,2.8,nee,0
ORD-102355,K1146,antwerpen,Belgie,2025-01-26,Simvastatine 40mg,Rx,42,3.92,,148.18,creditcard,4,2.5,nee,0
ORD-100771,K1104,Groningen,NL,18-10-2025,Salbutamol inhalator,Rx,50,17.43,10.0,784.35,incasso,4,4.2,ja,1
ORD-101503,K1136,Utrecht ,NL,08-04-2025,Paracetamol 500mg,OTC,21,1.8,10.0,34.02,vooruitbetaling,4,3.0,nee,0
ORD-100530,K1007,utrecht,NL,22/06/25,Vitamine D3 25mcg,OTC,14,7.31,10.0,92.11,creditcard,4,2.8,nee,0
ORD-102004,K1050,Groningen,NL,18-03-2025,Vitamine D3 25mcg,OTC,9,7.17,0.0,64.53,,4,1.4,nee,0
ORD-102291,K1105,Den  Haag,NL,17/09/25,Metformine 850mg,Rx,14,4.26,10.0,53.68,vooruitbetaling,4,1.0,nee,0
ORD-100261,K1013,Eindhoven,NL,13-08-2025,Paracetamol 500mg,OTC,45,1.78,10.0,72.09,incasso,4,1.0,nee,0
ORD-100294,K1055,den haag,NL,04-04-2025,Levothyroxine 50mcg,Rx,7,3.09,,19.47,vooruitbetaling,4,2.3,nee,0
ORD-100721,K1110,Rotterdam,NL,25-08-2025,Paracetamol 500mg,OTC,26,1.86,20.0,38.69,creditcard,4,2.4,nee,0
ORD-101875,K1064,Eindhoven,NL,2025-08-28,Levothyroxine 50mcg,Rx,19,2.94,0.0,55.86,factuur,4,1.6,nee,0
ORD-102179,K1117,Den Haag,NL,23-07-2025,Levothyroxine 50mcg,Rx,25,3.17,5.0,75.29,incasso,4,2.8,nee,0
ORD-102002,K1035,Groningen,NL,22-07-2025,Simvastatine 40mg,Rx,38,3.85,5.0,138.99,creditcard,4,2.2,nee,0
ORD-102388,K1155,Den Haag,NL,13/08/25,Metformine 850mg,Rx,29,4.16,10.0,108.58,factuur,4,2.2,nee,0
ORD-101873,K1049,UTRECHT,NL,09/09/25,Vitamine D3 25mcg,OTC,7,7.05,0.0,49.35,factuur,4,1.0,nee,0
ORD-100159,K1114,Groningen,NL,21/03/25,Levothyroxine 50mcg,Rx,3,2.86,20.0,6.86,creditcard,4,2.3,nee,0
ORD-102013,K1021,Rotterdam,NL,31/08/25,Levothyroxine 50mcg,Rx,7,3.13,0.0,21.91,factuur,4,2.7,nee,0
ORD-100650,K1025,A'dam,NL,04/11/25,Omeprazol 20mg,Rx,48,5.09,10.0,219.89,incasso,4,3.9,nee,0
ORD-101774,K1033,Rotterdam,NL,09-06-2025,Paracetamol 500mg,OTC,33,1.82,10.0,54.05,creditcard,4,2.9,nee,0
ORD-100605,K1071,,BE,2025-10-26,Levothyroxine 50mcg,Rx,28,3.03,10.0,76.36,creditcard,4,2.5,nee,0
ORD-101357,K1075,UTRECHT,NL,25/03/25,Salbutamol inhalator,Rx,5,18.71,5.0,88.87,factuur,4,3.5,nee,0
ORD-100694,K1126,utrecht,NL,2025-08-07,Amoxicilline 250mg,Rx,7,6.89,10.0,43.41,incasso,4,1.3,nee,0
ORD-100909,K1005,Maastricht,NL,2025-08-08,Vitamine D3 25mcg,OTC,8,7.07,0.0,56.56,factuur,4,1.2,nee,0
ORD-101303,K1082,Eindhoven,NL,27-07-2025,Levothyroxine 50mcg,Rx,121,3.13,0.0,378.73,creditcard,4,2.1,nee,0
ORD-102293,K1109,rotterdam,NL,2025-07-23,Omeprazol 20mg,Rx,44,4.93,0.0,216.92,incasso,4,,nee,0
ORD-101722,K1057,Amsterdam ,NL,08-01-2025,Paracetamol 500mg,OTC,34,1.79,0.0,60.86,incasso,4,1.8,nee,0
ORD-101324,K1039,Zwolle,NL,10-09-2025,Salbutamol inhalator,Rx,26,18.62,10.0,435.71,vooruitbetaling,4,1.9,nee,0
ORD-100868,K1013,Gent,BEL,2025-10-22,Simvastatine 40mg,Rx,52,3.64,10.0,170.35,incasso,4,2.8,nee,0
ORD-102131,K1078,rotterdam,NL,2025-04-28,Metformine 850mg,Rx,16,4.13,,62.78,factuur,4,1.4,nee,0
ORD-101557,K1107,amsterdam,NL,26/01/25,Levothyroxine 50mcg,Rx,9,3.15,5.0,26.93,factuur,4,4.1,ja,1
ORD-100320,K1047,Groningen,NL,09/07/25,Vitamine D3 25mcg,OTC,2,7.25,20.0,11.6,creditcard,4,,nee,0
ORD-101760,K1021,Eindhoven,NL,10/10/25,Insuline pen,Koelketen,29,42.66,,1113.43,incasso,6,5.5,nee,0
ORD-100014,K1094,Groningen,NL,17-08-2025,Vitamine D3 25mcg,OTC,24,7.29,5.0,166.21,factuur,4,3.9,nee,0
ORD-100975,K1060,UTRECHT,NL,2025-02-03,Paracetamol 500mg,OTC,7,1.79,5.0,11.9,factuur,4,1.0,nee,0
ORD-101706,K1038,UTRECHT,NL,2025-08-02,Levothyroxine 50mcg,Rx,59,3.07,15.0,153.96,factuur,4,3.7,nee,0
ORD-101958,K1087,Anvers,Belgie,01/11/25,Vitamine D3 25mcg,OTC,49,7.13,10.0,314.43,factuur,4,2.5,nee,0
ORD-101416,K1012,Gent,BE,02/11/25,Levothyroxine 50mcg,Rx,35,3.04,10.0,95.76,incasso,4,3.8,nee,0
ORD-101446,K1142,,NL,14-02-2025,Omeprazol 20mg,Rx,61,5.42,10.0,297.56,factuur,4,2.6,nee,0
ORD-101427,K1132,Eindhoven,NL,17/10/25,Paracetamol 500mg,OTC,87,1.89,5.0,156.21,creditcard,4,4.2,ja,1
ORD-100462,K1006,UTRECHT,NL,28-08-2025,Vitamine D3 25mcg,OTC,19,7.33,10.0,125.34,vooruitbetaling,4,1.9,nee,0
ORD-101183,K1070,Eindhoven,NL,16-07-2025,Amoxicilline 250mg,Rx,44,6.64,5.0,277.55,,4,2.0,nee,0
ORD-101692,K1092,rotterdam,NL,11/10/25,Paracetamol 500mg,OTC,30,1.86,15.0,47.43,vooruitbetaling,4,3.1,nee,0
ORD-101651,K1127,Utrceht,NL,11-10-2025,Ibuprofen 400mg,OTC,15,2.35,10.0,31.72,vooruitbetaling,4,3.0,nee,0
ORD-102363,K1000,utrecht,NL,2025-10-10,Paracetamol 500mg,OTC,12,1.83,15.0,18.67,incasso,4,4.0,ja,1
ORD-101719,K1012,Maastricht,NL,21-02-2025,Salbutamol inhalator,Rx,16,18.66,0.0,298.56,incasso,4,1.0,nee,0
ORD-102023,K1074,Maastricht,NL,2025-11-30,Vitamine D3 25mcg,OTC,43,7.5,,258.0,factuur,4,3.2,nee,0
ORD-101555,K1145,utrecht,NL,21/07/25,Ibuprofen 400mg,OTC,13,2.38,0.0,30.94,factuur,4,2.7,nee,0
ORD-100619,K1162,Groningen,NL,06-09-2025,Simvastatine 40mg,Rx,63,4.01,0.0,252.63,factuur,4,3.9,nee,0
ORD-100651,K1177,utrecht,NL,14-10-2025,Paracetamol 500mg,OTC,15,1.76,,23.76,incasso,4,1.0,nee,0
ORD-100253,K1160,utrecht,NL,18/06/25,Paracetamol 500mg,OTC,12,1.89,20.0,18.14,vooruitbetaling,4,1.0,nee,0
ORD-101260,K1175,utrecht,NL,07/08/25,Omeprazol 20mg,Rx,69,5.02,5.0,329.06,,4,1.8,nee,0
ORD-101881,K1121,Gent,BEL,2025-02-11,Ibuprofen 400mg,OTC,17,2.39,0.0,40.63,factuur,4,1.8,nee,0
ORD-100873,K1117,Gent,BEL,2025-01-26,Salbutamol inhalator,Rx,64,18.77,15.0,1021.09,factuur,4,3.7,nee,0
ORD-100466,K1164,Den  Haag,NL,20/01/25,Paracetamol 500mg,OTC,29,1.75,0.0,50.75,vooruitbetaling,4,1.5,nee,0
ORD-101891,K1077,Rotterdam,NL,22/04/25,Ibuprofen 400mg,OTC,26,2.54,,59.44,factuur,4,3.3,nee,0
ORD-100753,K1097,amsterdam,NL,2025-07-08,Simvastatine 40mg,Rx,89,3.78,,319.6,vooruitbetaling,4,1.1,nee,0
ORD-102125,K1090,,NL,2025-04-23,Vitamine D3 25mcg,OTC,30,7.71,10.0,208.17,incasso,4,2.8,nee,0
ORD-100941,K1163,utrecht,NL,2025-09-19,Omeprazol 20mg,Rx,23,5.03,10.0,104.12,creditcard,4,2.0,nee,0
ORD-100882,K1070,utrecht,NL,16/10/25,Amoxicilline 250mg,Rx,9,6.62,0.0,59.58,incasso,4,2.3,nee,0
ORD-100291,K1057,Amsterdam,NL,25/04/25,Metformine 850mg,Rx,8,4.1,20.0,26.24,creditcard,4,1.9,nee,0
ORD-100233,K1055,Utrecht ,NL,08/10/25,Vitamine D3 25mcg,OTC,80,7.18,0.0,574.4,factuur,4,3.8,nee,0
ORD-100741,K1096,Eindhoven,NL,22/03/25,Paracetamol 500mg,OTC,24,1.93,0.0,46.32,vooruitbetaling,4,4.7,ja,1
ORD-101389,K1115,Utrecht ,NL,2025-05-11,Ibuprofen 400mg,OTC,7,2.36,,16.52,factuur,4,2.2,nee,0
ORD-101433,K1099,Den  Haag,NL,01-06-2025,Ibuprofen 400mg,OTC,22,2.44,15.0,45.63,factuur,4,3.8,nee,0
ORD-101874,K1084,den haag,NL,20-09-2025,Omeprazol 20mg,Rx,23,5.23,10.0,108.26,incasso,4,3.5,nee,0
ORD-101957,K1088,Utrecht,NL,2025-01-11,Vitamine D3 25mcg,OTC,25,7.44,10.0,167.4,creditcard,4,4.0,nee,1
ORD-101304,K1081,Rotterdam,NL,21/09/25,Paracetamol 500mg,OTC,2,1.82,10.0,3.28,factuur,4,2.6,nee,0
ORD-101343,K1080,Zwolle,NL,2025-05-25,Vitamine D3 25mcg,OTC,52,7.74,5.0,382.36,creditcard,4,1.4,nee,0
ORD-101766,K1170,utrecht,NL,2025-06-20,Metformine 850mg,Rx,16,4.3,15.0,58.48,incasso,4,2.6,nee,0
ORD-101518,K1041,Zwolle,NL,25/03/25,Vitamine D3 25mcg,OTC,16,7.1,10.0,102.24,factuur,4,4.4,nee,1
ORD-102217,K1152,Rotterdam,NL,14-06-2025,Levothyroxine 50mcg,Rx,5,2.95,,13.28,vooruitbetaling,4,2.3,nee,0
ORD-102230,K1029,Anvers,Belgie,12/01/25,Vitamine D3 25mcg,OTC,24,7.16,10.0,154.66,factuur,4,4.2,ja,1
ORD-100286,K1033,Antwerpen,BE,14-01-2025,Vitamine D3 25mcg,OTC,27,7.22,10.0,175.45,incasso,4,3.8,nee,0
ORD-100049,K1061,Utrceht,NL,24/10/25,Levothyroxine 50mcg,Rx,28,3.03,15.0,72.11,factuur,4,1.2,nee,0
ORD-100785,K1160,Zwolle,NL,12/08/25,Insuline pen,Koelketen,2,41.99,0.0,83.98,vooruitbetaling,6,2.7,nee,0
ORD-101083,K1028,amsterdam,NL,05/06/25,Metformine 850mg,Rx,5,4.27,0.0,21.35,creditcard,4,1.8,nee,0
ORD-102194,K1072,Eindhoven,NL,02-07-2025,Paracetamol 500mg,OTC,93,1.85,5.0,163.45,,4,2.0,nee,0
ORD-101937,K1159,Utrecht,NL,2025-01-14,Ibuprofen 400mg,OTC,46,2.43,20.0,89.42,factuur,4,1.8,nee,0
ORD-101485,K1098,Utrecht,NL,2025-10-17,Paracetamol 500mg,OTC,61,1.86,20.0,90.77,vooruitbetaling,4,2.4,nee,0
ORD-101241,K1013,antwerpen,Belgie,2025-10-18,Simvastatine 40mg,Rx,40,3.85,10.0,138.6,vooruitbetaling,4,1.0,nee,0
ORD-100534,K1164,Maastricht,NL,28-07-2025,Vitamine D3 25mcg,OTC,3,7.16,5.0,20.41,creditcard,4,2.2,nee,0
ORD-100628,K1029,Gent,Belgie,11-11-2025,Ibuprofen 400mg,OTC,24,2.38,10.0,51.41,incasso,4,1.4,nee,0
ORD-100928,K1093,rotterdam,NL,2025-06-28,Metformine 850mg,Rx,61,4.38,0.0,267.18,factuur,4,2.5,nee,0
ORD-102221,K1084,Eindhoven,NL,2025-11-24,Simvastatine 40mg,Rx,35,4.15,0.0,145.25,factuur,4,1.0,nee,0
ORD-100525,K1034,Gent,BE,02-05-2025,Vitamine D3 25mcg,OTC,36,7.13,10.0,231.01,factuur,4,2.7,nee,0
ORD-101391,K1051,Rotterdam,NL,24/08/25,Insuline pen,Koelketen,5,43.17,0.0,215.85,creditcard,6,5.5,nee,0
ORD-101425,K1133,Utrceht,NL,27-07-2025,Simvastatine 40mg,Rx,14,4.11,10.0,51.79,vooruitbetaling,4,1.0,nee,0
ORD-101080,K1125,Groningen,NL,24-08-2025,Salbutamol inhalator,Rx,26,18.27,0.0,475.02,,4,2.6,nee,0
ORD-101395,K1041,Maastricht,NL,01/05/25,Paracetamol 500mg,OTC,26,1.8,10.0,42.12,incasso,4,1.8,nee,0
ORD-100399,K1068,A'dam,NL,2025-02-18,Paracetamol 500mg,OTC,20,1.81,15.0,30.77,vooruitbetaling,4,1.4,nee,0
ORD-102088,K1000,Zwolle,NL,2025-07-04,Paracetamol 500mg,OTC,17,1.91,15.0,27.6,creditcard,4,2.7,nee,0
ORD-102184,K1146,antwerpen,BEL,23/04/25,Ibuprofen 400mg,OTC,8,2.3,0.0,18.4,creditcard,4,2.9,nee,0
ORD-101967,K1019,Antwerpen,BE,28-08-2025,Paracetamol 500mg,OTC,10,1.86,0.0,18.6,vooruitbetaling,4,1.0,nee,0
ORD-101134,K1029,Maastricht,NL,25-05-2025,Simvastatine 40mg,Rx,32,4.06,15.0,110.43,incasso,4,3.1,nee,0
ORD-101061,K1152,Maastricht,NL,2025-05-07,Levothyroxine 50mcg,Rx,19,3.09,0.0,58.71,incasso,4,2.1,nee,0
ORD-100589,K1028,Utrecht ,NL,30/03/25,Metformine 850mg,Rx,37,4.25,0.0,157.25,vooruitbetaling,4,2.3,nee,0
ORD-100673,K1168,Amsterdam ,NL,2025-02-17,Metformine 850mg,Rx,9,4.23,5.0,36.17,creditcard,4,1.5,nee,0
ORD-102103,K1030,Rotterdam,NL,2025-07-26,Metformine 850mg,Rx,17,4.11,15.0,59.39,creditcard,4,1.6,nee,0
ORD-100106,K1069,amsterdam,NL,16/11/25,Levothyroxine 50mcg,Rx,25,3.16,15.0,67.15,incasso,4,,nee,0
ORD-101346,K1179,Groningen,NL,2025-06-07,Amoxicilline 250mg,Rx,9,6.81,10.0,55.16,vooruitbetaling,4,1.4,nee,0
ORD-101375,K1034,Antwerpen,BEL,2025-10-02,Ibuprofen 400mg,OTC,12,2.52,10.0,27.22,factuur,4,2.0,nee,0
ORD-101380,K1097,Groningen,NL,17/04/25,Simvastatine 40mg,Rx,31,3.92,0.0,121.52,vooruitbetaling,4,2.6,nee,0
ORD-100835,K1013,Amsterdam ,NL,19-07-2025,Levothyroxine 50mcg,Rx,33,3.06,10.0,90.88,incasso,4,3.9,nee,0
ORD-101739,K1013,Zwolle,NL,28-08-2025,Ibuprofen 400mg,OTC,101,2.38,0.0,240.38,,4,2.4,nee,0
ORD-100251,K1145,Den  Haag,NL,2025-11-28,Metformine 850mg,Rx,28,4.2,20.0,94.08,factuur,4,2.5,nee,0
ORD-100666,K1159,amsterdam,NL,2025-02-09,Amoxicilline 250mg,Rx,7,6.9,10.0,43.47,creditcard,4,1.9,nee,0
ORD-102064,K1087,Utrecht,NL,06-06-2025,Levothyroxine 50mcg,Rx,29,3.34,5.0,92.02,creditcard,4,3.6,ja,0
ORD-101871,K1016,Rotterdam,NL,08-09-2025,Salbutamol inhalator,Rx,33,18.31,5.0,574.02,incasso,4,2.8,nee,0
ORD-100390,K1153,Zwolle,NL,10-11-2025,Paracetamol 500mg,OTC,17,1.87,10.0,28.61,incasso,4,1.7,nee,0
ORD-101467,K1008,Zwolle,NL,2025-06-27,Levothyroxine 50mcg,Rx,50,3.07,0.0,153.5,creditcard,4,4.3,ja,1
ORD-102079,K1141,antwerpen,Belgie,2025-07-30,Metformine 850mg,Rx,66,4.21,15.0,236.18,factuur,4,2.4,nee,0
ORD-101239,K1046,Eindhoven,NL,24-06-2025,Levothyroxine 50mcg,Rx,12,3.18,15.0,32.44,creditcard,4,2.1,nee,0
ORD-101362,K1137,Amsterdam ,NL,2025-11-27,Simvastatine 40mg,Rx,31,3.97,0.0,123.07,incasso,4,2.6,nee,0
ORD-100794,K1161,Amsterdam,NL,25-10-2025,Amoxicilline 250mg,Rx,42,6.73,5.0,268.53,incasso,4,5.1,ja,1
ORD-101933,K1170,Gent,BEL,2025-01-29,Paracetamol 500mg,OTC,9,1.91,0.0,17.19,incasso,4,2.3,nee,0
ORD-100056,K1157,Zwolle,NL,2025-06-29,Vitamine D3 25mcg,OTC,122,7.1,5.0,822.89,factuur,4,3.6,nee,0
ORD-100668,K1038,Utrecht ,NL,07-10-2025,Omeprazol 20mg,Rx,35,5.11,5.0,169.91,creditcard,4,1.6,nee,0
ORD-101656,K1166,Rotterdam,NL,04/09/25,Vitamine D3 25mcg,OTC,23,6.94,10.0,143.66,factuur,4,1.3,nee,0
ORD-100681,K1020,UTRECHT,NL,13-07-2025,Paracetamol 500mg,OTC,120,1.92,10.0,207.36,creditcard,4,2.9,nee,0
ORD-100803,K1137,Maastricht,NL,23/11/25,Levothyroxine 50mcg,Rx,67,3.13,0.0,209.71,factuur,4,2.7,nee,0
ORD-101205,K1098,Groningen,NL,18/10/25,Metformine 850mg,Rx,46,4.46,0.0,205.16,factuur,4,4.2,ja,1
ORD-101077,K1096,Utrceht,NL,30/06/25,Omeprazol 20mg,Rx,20,4.94,0.0,98.8,vooruitbetaling,4,1.7,nee,0
ORD-101090,K1092,Gent,BEL,2025-07-24,Vitamine D3 25mcg,OTC,21,7.07,5.0,141.05,factuur,4,1.0,nee,0
ORD-100120,K1015,Rotterdam,NL,22-10-2025,Simvastatine 40mg,Rx,23,3.98,0.0,91.54,incasso,4,2.9,nee,0
ORD-100346,K1117,Maastricht,NL,25/04/25,Metformine 850mg,Rx,20,4.41,20.0,70.56,vooruitbetaling,4,2.4,nee,0
ORD-101255,K1107,Utrecht,NL,2025-08-14,Ibuprofen 400mg,OTC,1,2.3,10.0,2.07,incasso,4,,nee,0
ORD-100151,K1026,rotterdam,NL,09/11/25,Vitamine D3 25mcg,OTC,84,7.13,15.0,509.08,factuur,4,4.1,nee,1
ORD-101524,K1175,Den Haag,NL,06-08-2025,Paracetamol 500mg,OTC,14,1.91,10.0,24.07,creditcard,4,1.0,nee,0
ORD-102254,K1117,A'dam,NL,22/07/25,Simvastatine 40mg,Rx,78,3.96,20.0,247.1,vooruitbetaling,4,4.0,nee,0
ORD-100827,K1155,Gent,BE,08/08/25,Levothyroxine 50mcg,Rx,25,3.22,15.0,68.42,incasso,4,3.1,nee,0
ORD-101254,K1114,Rotterdam,NL,2025-01-15,Amoxicilline 250mg,Rx,23,7.01,0.0,161.23,factuur,4,1.0,nee,0
ORD-102252,K1136,UTRECHT,NL,21/10/25,Vitamine D3 25mcg,OTC,28,7.25,5.0,192.85,incasso,4,1.9,nee,0
ORD-100524,K1168,Amsterdam ,NL,2025-09-22,Paracetamol 500mg,OTC,26,1.89,5.0,99.86,vooruitbetaling,4,6.4,nee,1
ORD-101265,K1132,Anvers,BE,15/01/25,Vitamine D3 25mcg,OTC,7,7.2,5.0,47.88,factuur,4,3.2,nee,0
ORD-100021,K1028,Utrceht,NL,09/11/25,Metformine 850mg,Rx,49,3.94,5.0,183.41,creditcard,4,3.4,nee,0
ORD-100405,K1112,Gent,BE,12-02-2025,Vitamine D3 25mcg,OTC,44,7.04,5.0,294.27,vooruitbetaling,4,2.8,nee,0
ORD-100257,K1105,Eindhoven,NL,2025-09-03,Salbutamol inhalator,Rx,17,19.66,10.0,300.8,vooruitbetaling,4,1.0,nee,0
ORD-102310,K1043,Maastricht,NL,16-09-2025,Amoxicilline 250mg,Rx,70,6.89,5.0,458.18,vooruitbetaling,4,3.0,nee,0
ORD-100700,K1028,amsterdam,NL,16-05-2025,Paracetamol 500mg,OTC,56,1.87,0.0,104.72,vooruitbetaling,4,4.9,ja,1
ORD-100388,K1128,A'dam,NL,2025-10-09,Omeprazol 20mg,Rx,24,5.34,10.0,115.34,vooruitbetaling,4,3.0,ja,0
ORD-102143,K1168,Gent,BE,16-01-2025,Paracetamol 500mg,OTC,30,1.8,0.0,54.0,,4,1.7,nee,0
ORD-101549,K1150,Maastricht,NL,26-09-2025,Omeprazol 20mg,Rx,8,4.85,0.0,38.8,incasso,4,1.4,nee,0
ORD-101948,K1022,utrecht,NL,25/05/25,Paracetamol 500mg,OTC,25,1.86,10.0,41.85,vooruitbetaling,4,,nee,0
ORD-100185,K1114,Maastricht,NL,29/11/25,Vitamine D3 25mcg,OTC,66,7.69,,482.16,vooruitbetaling,4,3.8,nee,0
ORD-101966,K1112,Antwerpen,BEL,2025-11-11,Ibuprofen 400mg,OTC,3,2.48,5.0,7.07,creditcard,4,1.0,nee,0
ORD-100043,K1030,Anvers,BEL,24-08-2025,Amoxicilline 250mg,Rx,30,6.25,0.0,187.5,incasso,4,1.3,nee,0
ORD-100473,K1052,Rotterdam,NL,2025-10-02,Omeprazol 20mg,Rx,95,5.17,5.0,466.59,vooruitbetaling,4,1.4,nee,0
ORD-100852,K1079,A'dam,NL,05/09/25,Levothyroxine 50mcg,Rx,15,2.93,0.0,43.95,creditcard,4,4.7,ja,1
ORD-100812,K1175,Maastricht,NL,2025-02-16,Omeprazol 20mg,Rx,35,5.07,0.0,177.45,incasso,4,4.9,nee,1
ORD-100340,K1153,Groningen,NL,09/09/25,Paracetamol 500mg,OTC,6,1.84,0.0,11.04,vooruitbetaling,4,6.3,ja,1
ORD-101166,K1173,UTRECHT,NL,16/01/25,Salbutamol inhalator,Rx,162,18.25,5.0,2808.68,creditcard,4,1.7,nee,0
ORD-100696,K1177,Rotterdam,NL,2025-11-24,Amoxicilline 250mg,Rx,24,6.51,10.0,140.62,factuur,4,3.6,ja,0
ORD-100364,K1050,Maastricht,NL,05/11/25,Metformine 850mg,Rx,21,4.11,10.0,77.68,factuur,4,3.2,nee,0
ORD-101041,K1061,Zwolle,NL,21-07-2025,Salbutamol inhalator,Rx,30,17.56,10.0,474.12,incasso,4,2.2,nee,0
ORD-102396,K1102,Rotterdam,NL,2025-10-16,Omeprazol 20mg,Rx,7,5.11,10.0,32.19,,4,2.6,nee,0
ORD-101853,K1162,Groningen,NL,08-10-2025,Simvastatine 40mg,Rx,25,4.05,0.0,101.25,vooruitbetaling,4,4.3,ja,1
ORD-101858,K1004,antwerpen,BE,20-09-2025,Simvastatine 40mg,Rx,17,3.89,0.0,66.13,creditcard,4,1.8,nee,0
ORD-100960,K1079,Utrecht ,NL,2025-03-21,Metformine 850mg,Rx,9,4.56,10.0,36.94,vooruitbetaling,4,1.8,nee,0
ORD-102104,K1121,Rotterdam,NL,15/01/25,Vitamine D3 25mcg,OTC,50,7.12,0.0,356.0,incasso,4,3.7,nee,0
ORD-101073,K1038,Utrecht,NL,20-05-2025,Insuline pen,Koelketen,33,43.1,0.0,1422.3,incasso,6,5.4,nee,0
ORD-101350,K1172,Zwolle,NL,06/09/25,Paracetamol 500mg,OTC,42,1.91,5.0,76.21,creditcard,4,2.6,nee,0
ORD-100315,K1052,Rotterdam,NL,2025-07-04,Amoxicilline 250mg,Rx,72,6.96,0.0,501.12,creditcard,4,2.4,nee,0
ORD-100329,K1032,Groningen,NL,25-04-2025,Salbutamol inhalator,Rx,10,18.63,20.0,149.04,vooruitbetaling,4,3.5,nee,0
ORD-100512,K1083,Eindhoven,NL,06/10/25,Ibuprofen 400mg,OTC,23,2.45,,53.53,vooruitbetaling,4,2.6,nee,0
ORD-100662,K1008,UTRECHT,NL,27/11/25,Amoxicilline 250mg,Rx,34,6.41,10.0,196.15,creditcard,4,1.1,nee,0
ORD-100345,K1089,Eindhoven,NL,2025-08-15,Insuline pen,Koelketen,25,42.29,0.0,1057.25,creditcard,6,6.3,nee,1
ORD-101603,K1036,Amsterdam ,NL,25-05-2025,Vitamine D3 25mcg,OTC,22,7.27,0.0,159.94,creditcard,4,2.2,nee,0
ORD-100832,K1002,Amsterdam,NL,05-11-2025,Simvastatine 40mg,Rx,56,4.05,,226.8,vooruitbetaling,4,2.8,nee,0
ORD-101310,K1064,A'dam,NL,2025-06-26,Metformine 850mg,Rx,17,4.21,15.0,60.83,creditcard,4,1.6,nee,0
ORD-100683,K1151,Gent,BE,25-05-2025,Amoxicilline 250mg,Rx,35,6.83,0.0,239.05,incasso,4,4.9,ja,1
ORD-102138,K1007,amsterdam,NL,07/05/25,Vitamine D3 25mcg,OTC,16,7.29,15.0,99.14,,4,2.2,nee,0
ORD-101676,K1075,Rotterdam,NL,2025-01-09,Levothyroxine 50mcg,Rx,32,3.11,10.0,89.57,factuur,4,4.2,nee,1
ORD-101863,K1179,Amsterdam,NL,2025-01-15,Salbutamol inhalator,Rx,16,17.75,,227.2,vooruitbetaling,4,2.7,nee,0
ORD-101002,K1149,Utrecht ,NL,08/04/25,Paracetamol 500mg,OTC,56,1.85,20.0,82.88,,4,2.6,nee,0
ORD-100789,K1103,'s-Gravenhage,NL,27/09/25,Metformine 850mg,Rx,45,4.14,10.0,167.67,vooruitbetaling,4,4.1,nee,1
ORD-101236,K1158,Utrceht,NL,2025-01-30,Vitamine D3 25mcg,OTC,15,7.28,0.0,109.2,factuur,4,1.7,nee,0
ORD-100772,K1076,Utrceht,NL,2025-09-04,Vitamine D3 25mcg,OTC,32,7.15,10.0,205.92,vooruitbetaling,4,4.0,ja,1
ORD-101510,K1091,Den  Haag,NL,23/09/25,Levothyroxine 50mcg,Rx,13,3.07,0.0,39.91,incasso,4,1.7,nee,0
ORD-100066,K1178,utrecht,NL,2025-10-19,Vitamine D3 25mcg,OTC,56,6.93,5.0,368.68,factuur,4,3.9,nee,0
ORD-101950,K1101,Eindhoven,NL,12-02-2025,Omeprazol 20mg,Rx,19,5.04,0.0,95.76,creditcard,4,1.1,nee,0
ORD-102203,K1157,Maastricht,NL,22/10/25,Ibuprofen 400mg,OTC,14,2.46,0.0,34.44,incasso,4,1.6,nee,0
ORD-100932,K1116,Rotterdam,NL,04-10-2025,Simvastatine 40mg,Rx,40,3.92,5.0,148.96,incasso,4,2.8,nee,0
ORD-101715,K1025,Amsterdam ,NL,28-10-2025,Metformine 850mg,Rx,15,4.3,0.0,64.5,creditcard,4,2.2,nee,0
ORD-100731,K1173,Eindhoven,NL,24-09-2025,Insuline pen,Koelketen,7,41.8,20.0,234.08,factuur,6,2.5,nee,0
ORD-102315,K1148,Groningen,NL,2025-06-11,Amoxicilline 250mg,Rx,54,6.47,20.0,279.5,vooruitbetaling,4,3.3,nee,0
ORD-100643,K1168,Eindhoven,NL,01/04/25,Ibuprofen 400mg,OTC,118,2.4,0.0,283.2,creditcard,4,4.5,ja,1
ORD-100234,K1064,A'dam,NL,28/01/25,Levothyroxine 50mcg,Rx,8,3.07,0.0,24.56,factuur,4,1.7,nee,0
ORD-100808,K1151,Maastricht,NL,26/02/25,Paracetamol 500mg,OTC,18,1.82,5.0,31.12,creditcard,4,,nee,0
ORD-101307,K1021,Gent,Belgie,10-03-2025,Insuline pen,Koelketen,46,41.73,5.0,1823.6,creditcard,6,3.6,nee,0
ORD-100645,K1073,Amsterdam,NL,2025-01-31,Ibuprofen 400mg,OTC,23,2.44,,56.12,,4,4.4,ja,1
ORD-100417,K1028,Utrecht ,NL,24/06/25,Ibuprofen 400mg,OTC,9,2.54,5.0,21.72,creditcard,4,3.1,nee,0
ORD-102250,K1103,Zwolle,NL,20-07-2025,Vitamine D3 25mcg,OTC,24,7.33,10.0,158.33,vooruitbetaling,4,3.1,nee,0
ORD-101666,K1175,Zwolle,NL,02-03-2025,Paracetamol 500mg,OTC,13,1.79,10.0,20.94,factuur,4,3.7,nee,0
ORD-101822,K1032,'s-Gravenhage,NL,13-01-2025,Vitamine D3 25mcg,OTC,41,7.3,10.0,269.37,incasso,4,2.5,nee,0
ORD-102082,K1128,Anvers,Belgie,2025-06-19,Vitamine D3 25mcg,OTC,13,7.81,5.0,96.45,factuur,4,1.3,nee,0
ORD-101138,K1038,Groningen,NL,2025-08-24,Vitamine D3 25mcg,OTC,10,7.18,,64.62,creditcard,4,3.8,nee,0
ORD-100541,K1121,Eindhoven,NL,2025-01-31,Salbutamol inhalator,Rx,23,18.26,0.0,419.98,incasso,4,4.3,ja,1
ORD-101313,K1176,Gent,BEL,2025-10-12,Ibuprofen 400mg,OTC,17,2.41,,40.97,vooruitbetaling,4,3.2,nee,0
ORD-102359,K1177,Eindhoven,NL,13-10-2025,Omeprazol 20mg,Rx,13,5.34,0.0,69.42,vooruitbetaling,4,2.7,nee,0
ORD-100200,K1055,amsterdam,NL,14/05/25,Simvastatine 40mg,Rx,54,3.84,5.0,196.99,vooruitbetaling,4,3.7,nee,0
ORD-101963,K1137,rotterdam,NL,30-10-2025,Simvastatine 40mg,Rx,7,4.0,5.0,26.6,factuur,4,1.1,nee,0
ORD-101295,K1158,Utrecht,NL,2025-02-20,Insuline pen,Koelketen,16,42.43,0.0,678.88,factuur,6,5.6,nee,0
ORD-101504,K1097,Zwolle,NL,14-11-2025,Simvastatine 40mg,Rx,12,4.15,15.0,42.33,incasso,4,2.8,nee,0
ORD-100313,K1161,Rotterdam,NL,2025-10-08,Levothyroxine 50mcg,Rx,35,3.12,0.0,109.2,incasso,4,1.9,nee,0
ORD-101913,K1051,A'dam,NL,25/03/25,Amoxicilline 250mg,Rx,23,6.62,5.0,144.65,factuur,4,1.5,nee,0
ORD-100306,K1169,A'dam,NL,12-11-2025,Vitamine D3 25mcg,OTC,30,7.3,15.0,186.15,vooruitbetaling,4,2.9,nee,0
ORD-101940,K1023,Utrecht ,NL,2025-08-12,Omeprazol 20mg,Rx,86,5.08,5.0,415.04,vooruitbetaling,4,1.0,nee,0
ORD-100940,K1096,'s-Gravenhage,NL,28/07/25,Salbutamol inhalator,Rx,1,19.62,0.0,19.62,creditcard,4,1.0,nee,0
ORD-101308,K1123,A'dam,NL,27-08-2025,Omeprazol 20mg,Rx,17,5.31,15.0,76.73,vooruitbetaling,4,3.6,nee,0
ORD-100129,K1044,Gent,Belgie,17/03/25,Ibuprofen 400mg,OTC,18,2.39,10.0,38.72,creditcard,4,2.8,nee,0
ORD-100395,K1174,Maastricht,NL,2025-03-04,Amoxicilline 250mg,Rx,24,7.04,5.0,160.51,,4,1.6,nee,0
ORD-102332,K1098,Maastricht,NL,03/07/25,Ibuprofen 400mg,OTC,13,2.57,5.0,31.74,vooruitbetaling,4,2.4,nee,0
ORD-101929,K1115,Eindhoven,NL,15-07-2025,Levothyroxine 50mcg,Rx,15,3.07,5.0,43.75,incasso,4,2.8,nee,0
ORD-100326,K1107,Rotterdam,NL,2025-01-20,Simvastatine 40mg,Rx,7,4.0,0.0,28.0,creditcard,4,3.3,nee,0
ORD-100191,K1123,Zwolle,NL,18-03-2025,Paracetamol 500mg,OTC,42,1.78,10.0,67.28,incasso,4,3.5,nee,0
ORD-100722,K1159,Gent,Belgie,2025-10-06,Salbutamol inhalator,Rx,10,18.08,5.0,171.76,factuur,4,3.6,nee,0
ORD-101854,K1077,Maastricht,NL,10-08-2025,Levothyroxine 50mcg,Rx,30,3.11,5.0,88.64,creditcard,4,3.2,nee,0
ORD-100307,K1090,Utrecht ,NL,22-08-2025,Ibuprofen 400mg,OTC,84,2.43,5.0,193.91,,4,5.3,ja,1
ORD-101064,K1009,Eindhoven,NL,2025-05-13,Paracetamol 500mg,OTC,52,1.85,5.0,91.39,vooruitbetaling,4,1.8,nee,0
ORD-101397,K1128,Zwolle,NL,2025-03-21,Insuline pen,Koelketen,72,41.24,0.0,2969.28,factuur,6,2.4,nee,0
ORD-100495,K1056,den haag,NL,2025-07-27,Insuline pen,Koelketen,16,42.12,10.0,606.53,factuur,6,4.2,nee,0
ORD-100384,K1034,Zwolle,NL,16/10/25,Salbutamol inhalator,Rx,16,18.8,10.0,270.72,,4,1.0,nee,0
ORD-100582,K1059,Maastricht,NL,18-03-2025,Levothyroxine 50mcg,Rx,48,3.19,5.0,145.46,factuur,4,,nee,0
ORD-100397,K1126,Groningen,NL,2025-11-04,Levothyroxine 50mcg,Rx,22,3.07,5.0,64.16,incasso,4,3.1,nee,0
ORD-102393,K1029,antwerpen,BEL,2025-05-11,Vitamine D3 25mcg,OTC,4,7.31,5.0,27.78,creditcard,4,2.3,nee,0
ORD-101629,K1168,Utrecht,NL,2025-03-15,Salbutamol inhalator,Rx,15,17.64,10.0,238.14,creditcard,4,1.0,nee,0
ORD-100161,K1010,Utrecht,NL,2025-11-04,Paracetamol 500mg,OTC,15,1.79,0.0,26.85,incasso,4,1.4,nee,0
ORD-101334,K1157,Groningen,NL,2025-05-03,Paracetamol 500mg,OTC,29,1.8,0.0,52.2,creditcard,4,4.1,ja,1
ORD-102215,K1109,antwerpen,BE,28/02/25,Levothyroxine 50mcg,Rx,39,3.2,10.0,112.32,creditcard,4,3.1,nee,0
ORD-101103,K1178,Maastricht,NL,2025-05-16,Ibuprofen 400mg,OTC,21,2.51,5.0,50.07,vooruitbetaling,4,4.7,ja,1
ORD-100936,K1121,den haag,NL,2025-11-14,Simvastatine 40mg,Rx,13,3.88,10.0,45.4,incasso,4,2.5,nee,0
ORD-101039,K1068,amsterdam,NL,22/02/25,Salbutamol inhalator,Rx,14,17.92,15.0,213.25,factuur,4,3.1,nee,0
ORD-101366,K1177,Groningen,NL,07/11/25,Amoxicilline 250mg,Rx,81,6.52,0.0,528.12,vooruitbetaling,4,4.8,ja,1
ORD-101274,K1129,Groningen,NL,05-05-2025,Vitamine D3 25mcg,OTC,13,7.69,15.0,84.97,factuur,4,1.5,nee,0
ORD-102237,K1137,Utrecht,NL,2025-03-10,Vitamine D3 25mcg,OTC,37,7.72,15.0,242.79,,4,2.7,nee,0
ORD-101926,K1067,Rotterdam,NL,06/11/25,Paracetamol 500mg,OTC,63,1.85,10.0,104.9,incasso,4,2.5,nee,0
ORD-101949,K1081,Amsterdam,NL,2025-10-10,Omeprazol 20mg,Rx,77,4.97,5.0,363.56,vooruitbetaling,4,5.5,nee,1
ORD-102068,K1005,Groningen,NL,11/06/25,Levothyroxine 50mcg,Rx,10,2.92,5.0,27.74,incasso,4,1.6,nee,0
ORD-100569,K1021,Amsterdam,NL,18/01/25,Simvastatine 40mg,Rx,24,3.97,0.0,95.28,vooruitbetaling,4,2.9,nee,0
ORD-101159,K1084,Maastricht,NL,29-07-2025,Vitamine D3 25mcg,OTC,26,7.34,20.0,152.67,factuur,4,2.4,nee,0
ORD-101560,K1039,utrecht,NL,22-05-2025,Insuline pen,Koelketen,37,40.94,0.0,1514.78,incasso,6,3.9,nee,0
ORD-101591,K1039,Zwolle,NL,2025-06-05,Amoxicilline 250mg,Rx,23,7.1,0.0,163.3,incasso,4,2.5,nee,0
ORD-101880,K1029,Utrecht ,NL,26/05/25,Paracetamol 500mg,OTC,51,1.88,5.0,91.09,incasso,4,1.0,nee,0
ORD-100047,K1080,rotterdam,NL,28-03-2025,Metformine 850mg,Rx,26,4.61,20.0,95.89,creditcard,4,4.5,ja,1
ORD-100029,K1110,amsterdam,NL,30/01/25,Paracetamol 500mg,OTC,21,1.93,15.0,34.45,factuur,4,1.0,nee,0
ORD-101595,K1047,antwerpen,BE,21-01-2025,Amoxicilline 250mg,Rx,11,6.51,0.0,71.61,creditcard,4,1.6,nee,0
ORD-101925,K1132,Groningen,NL,29-07-2025,Amoxicilline 250mg,Rx,6,7.13,10.0,38.5,creditcard,4,2.1,nee,0
ORD-100501,K1125,Zwolle,NL,06/04/25,Paracetamol 500mg,OTC,13,1.81,10.0,21.18,creditcard,4,3.8,nee,0
ORD-101846,K1134,UTRECHT,NL,03-11-2025,Insuline pen,Koelketen,8,40.63,0.0,325.04,factuur,6,4.0,nee,0
ORD-102242,K1159,,NL,11/07/25,Simvastatine 40mg,Rx,33,4.04,0.0,133.32,creditcard,4,3.5,nee,0
ORD-101185,K1086,Utrecht,NL,09-04-2025,Levothyroxine 50mcg,Rx,46,3.27,5.0,142.9,vooruitbetaling,4,3.1,nee,0
ORD-101268,K1003,Anvers,BEL,2025-05-14,Vitamine D3 25mcg,OTC,7,7.36,20.0,41.22,incasso,4,2.5,nee,0
ORD-101856,K1118,A'dam,NL,2025-04-05,Insuline pen,Koelketen,52,42.09,10.0,1969.81,vooruitbetaling,6,6.1,ja,1
ORD-101862,K1032,Utrceht,NL,21/05/25,Metformine 850mg,Rx,28,4.33,10.0,109.12,creditcard,4,3.2,nee,0
ORD-101794,K1067,A'dam,NL,2025-06-30,Ibuprofen 400mg,OTC,10,2.38,5.0,22.61,incasso,4,1.0,nee,0
ORD-102156,K1074,A'dam,NL,03/08/25,Amoxicilline 250mg,Rx,15,6.69,15.0,85.3,creditcard,4,3.2,nee,0
ORD-100432,K1153,Rotterdam,NL,25/02/25,Amoxicilline 250mg,Rx,58,6.92,15.0,341.16,,4,3.0,nee,0
ORD-100996,K1002,Eindhoven,NL,26-02-2025,Levothyroxine 50mcg,Rx,12,3.03,10.0,32.72,factuur,4,2.6,nee,0
ORD-102324,K1127,Utrceht,NL,18/05/25,Insuline pen,Koelketen,14,40.74,10.0,513.32,creditcard,6,5.5,nee,0
ORD-102270,K1024,Zwolle,NL,2025-07-22,Salbutamol inhalator,Rx,3,18.31,10.0,49.44,factuur,4,2.8,nee,0
ORD-100366,K1082,utrecht,NL,13/08/25,Salbutamol inhalator,Rx,6,19.15,0.0,114.9,factuur,4,1.0,nee,0
ORD-101076,K1170,rotterdam,NL,19-09-2025,Salbutamol inhalator,Rx,19,18.53,10.0,316.86,incasso,4,3.6,nee,0
ORD-101078,K1091,Utrecht,NL,03/09/25,Salbutamol inhalator,Rx,21,18.44,5.0,367.88,incasso,4,1.0,nee,0
ORD-100260,K1085,Utrecht,NL,27-07-2025,Paracetamol 500mg,OTC,3,1.89,20.0,4.54,factuur,4,1.8,nee,0
ORD-100556,K1094,amsterdam,NL,16/10/25,Simvastatine 40mg,Rx,32,3.96,0.0,126.72,creditcard,4,2.4,nee,0
ORD-102066,K1003,Maastricht,NL,05-05-2025,Levothyroxine 50mcg,Rx,67,3.19,10.0,192.36,factuur,4,3.6,nee,0
ORD-100572,K1115,Maastricht,NL,31-01-2025,Simvastatine 40mg,Rx,124,3.91,5.0,460.6,creditcard,4,3.3,nee,0
ORD-102373,K1114,Eindhoven,NL,2025-08-27,Amoxicilline 250mg,Rx,9,6.83,15.0,52.25,vooruitbetaling,4,2.9,nee,0
ORD-100599,K1152,A'dam,NL,14-02-2025,Ibuprofen 400mg,OTC,46,2.43,5.0,106.19,vooruitbetaling,4,2.9,nee,0
ORD-102358,K1095,Amsterdam ,NL,29-09-2025,Simvastatine 40mg,Rx,52,3.93,0.0,204.36,factuur,4,1.4,nee,0
ORD-102041,K1064,UTRECHT,NL,23-03-2025,Insuline pen,Koelketen,10,40.95,20.0,327.6,vooruitbetaling,6,4.8,nee,0
ORD-100419,K1089,antwerpen,BEL,09-11-2025,Metformine 850mg,Rx,8,4.36,15.0,29.65,creditcard,4,1.0,nee,0
ORD-101302,K1140,Eindhoven,NL,26/01/25,Paracetamol 500mg,OTC,8,1.86,0.0,14.88,incasso,4,3.2,nee,0
ORD-101246,K1044,Utrecht,NL,2025-06-20,Vitamine D3 25mcg,OTC,23,7.11,0.0,163.53,incasso,4,3.4,nee,0
ORD-101232,K1076,Utrceht,NL,2025-02-15,Omeprazol 20mg,Rx,92,4.9,15.0,383.18,incasso,4,5.7,ja,1
ORD-101448,K1058,Rotterdam,NL,01-03-2025,Ibuprofen 400mg,OTC,49,2.37,5.0,110.32,incasso,4,4.1,ja,1
ORD-101812,K1135,UTRECHT,NL,2025-02-03,Levothyroxine 50mcg,Rx,33,3.06,5.0,95.93,factuur,4,1.0,nee,0
ORD-101466,K1152,Groningen,NL,2025-05-25,Paracetamol 500mg,OTC,39,1.85,10.0,64.94,vooruitbetaling,4,3.5,nee,0
ORD-100275,K1085,Amsterdam,NL,2025-11-21,Vitamine D3 25mcg,OTC,18,6.98,0.0,125.64,incasso,4,1.9,nee,0
ORD-100705,K1033,Amsterdam ,NL,05-07-2025,Vitamine D3 25mcg,OTC,66,7.45,5.0,467.11,vooruitbetaling,4,4.9,ja,1
ORD-100453,K1032,Groningen,NL,2025-09-02,Amoxicilline 250mg,Rx,25,6.93,10.0,155.93,vooruitbetaling,4,1.8,nee,0
ORD-100113,K1127,Maastricht,NL,2025-06-25,Paracetamol 500mg,OTC,22,1.81,0.0,39.82,factuur,4,3.2,nee,0
ORD-100071,K1066,Utrecht ,NL,2025-10-25,Vitamine D3 25mcg,OTC,18,7.55,5.0,129.1,creditcard,4,3.1,nee,0
ORD-102028,K1096,A'dam,NL,04/11/25,Amoxicilline 250mg,Rx,24,7.2,,155.52,vooruitbetaling,4,2.1,nee,0
ORD-102395,K1157,antwerpen,BEL,2025-08-23,Simvastatine 40mg,Rx,38,3.99,0.0,151.62,vooruitbetaling,4,3.6,nee,0
ORD-102063,K1028,Rotterdam,NL,07-09-2025,Ibuprofen 400mg,OTC,22,2.62,10.0,51.88,incasso,4,1.1,nee,0
ORD-101825,K1023,UTRECHT,NL,07/01/25,Insuline pen,Koelketen,49,42.2,10.0,1861.02,vooruitbetaling,6,2.0,nee,0
ORD-100918,K1138,Rotterdam,NL,2025-08-16,Paracetamol 500mg,OTC,18,1.82,5.0,31.12,incasso,4,2.4,nee,0
ORD-100451,K1155,Eindhoven,NL,27-04-2025,Paracetamol 500mg,OTC,42,1.79,0.0,75.18,factuur,4,1.5,nee,0
ORD-102135,K1169,Rotterdam,NL,17/05/25,Vitamine D3 25mcg,OTC,13,7.16,20.0,74.46,factuur,4,3.7,nee,0
ORD-101514,K1140,Zwolle,NL,18/10/25,Vitamine D3 25mcg,OTC,8,7.16,5.0,54.42,factuur,4,2.4,nee,0
ORD-101565,K1079,Antwerpen,Belgie,17-08-2025,Paracetamol 500mg,OTC,39,1.8,10.0,63.18,creditcard,4,2.9,nee,0
ORD-100739,K1062,Eindhoven,NL,02-05-2025,Levothyroxine 50mcg,Rx,9,3.09,20.0,22.25,incasso,4,4.0,nee,1
ORD-101653,K1121,rotterdam,NL,2025-02-08,Metformine 850mg,Rx,11,4.5,0.0,49.5,vooruitbetaling,4,1.7,nee,0
ORD-100104,K1130,utrecht,NL,2025-02-18,Vitamine D3 25mcg,OTC,7,7.72,0.0,54.04,creditcard,4,2.7,nee,0
ORD-101857,K1072,Amsterdam ,NL,22/07/25,Metformine 850mg,Rx,12,4.24,10.0,45.79,factuur,4,2.7,nee,0
ORD-102297,K1095,Zwolle,NL,03/07/25,Paracetamol 500mg,OTC,24,1.83,0.0,43.92,factuur,4,2.4,nee,0
ORD-102350,K1170,Zwolle,NL,2025-09-24,Paracetamol 500mg,OTC,25,1.88,0.0,47.0,incasso,4,3.0,nee,0
ORD-100241,K1099,Gent,BEL,01-04-2025,Ibuprofen 400mg,OTC,12,2.59,10.0,27.97,factuur,4,3.2,nee,0
ORD-101988,K1116,rotterdam,NL,24/09/25,Simvastatine 40mg,Rx,92,3.93,5.0,343.48,factuur,4,3.8,nee,0
ORD-101569,K1170,rotterdam,NL,08/02/25,Salbutamol inhalator,Rx,88,18.5,0.0,1628.0,creditcard,4,3.6,nee,0
ORD-101619,K1167,Groningen,NL,2025-05-08,Levothyroxine 50mcg,Rx,75,3.02,0.0,226.5,incasso,4,1.8,nee,0
ORD-100096,K1131,Amsterdam,NL,26-05-2025,Paracetamol 500mg,OTC,43,1.9,15.0,69.45,factuur,4,1.7,nee,0
ORD-101190,K1096,Gent,Belgie,14-08-2025,Paracetamol 500mg,OTC,12,1.84,15.0,18.77,incasso,4,1.0,nee,0
ORD-100084,K1044,Zwolle,NL,23-04-2025,Metformine 850mg,Rx,40,4.35,,156.6,vooruitbetaling,4,4.3,nee,1
ORD-101718,K1138,Anvers,BE,27/04/25,Vitamine D3 25mcg,OTC,6,7.18,0.0,43.08,creditcard,4,4.3,ja,1
ORD-100009,K1004,UTRECHT,NL,22-11-2025,Paracetamol 500mg,OTC,11,1.77,5.0,18.5,creditcard,4,3.1,nee,0
ORD-100878,K1123,Maastricht,NL,18/03/25,Metformine 850mg,Rx,30,4.32,0.0,129.6,factuur,4,1.7,nee,0
ORD-101339,K1081,Eindhoven,NL,2025-07-08,Ibuprofen 400mg,OTC,81,2.47,0.0,200.07,vooruitbetaling,4,1.7,nee,0
ORD-100773,K1109,Utrecht,NL,09-09-2025,Levothyroxine 50mcg,Rx,33,3.19,10.0,94.74,incasso,4,4.4,ja,1
ORD-101385,K1005,Den  Haag,NL,26-07-2025,Ibuprofen 400mg,OTC,8,2.4,10.0,17.28,vooruitbetaling,4,5.0,nee,1
ORD-100276,K1010,Groningen,NL,2025-09-01,Levothyroxine 50mcg,Rx,27,3.22,,86.94,incasso,4,1.0,nee,0
ORD-101408,K1069,Utrceht,NL,2025-07-11,Simvastatine 40mg,Rx,52,3.86,10.0,180.65,incasso,4,4.1,nee,1
ORD-101592,K1052,Utrceht,NL,16-04-2025,Salbutamol inhalator,Rx,34,19.93,20.0,542.1,vooruitbetaling,4,2.0,nee,0
ORD-101372,K1027,Utrecht,NL,01/12/25,Vitamine D3 25mcg,OTC,64,7.34,5.0,446.27,vooruitbetaling,4,4.3,ja,1
ORD-100088,K1078,Gent,BE,24/07/25,Paracetamol 500mg,OTC,11,1.82,0.0,20.02,creditcard,4,4.2,ja,1
ORD-100090,K1069,Gent,BE,17-11-2025,Paracetamol 500mg,OTC,44,1.78,0.0,78.32,incasso,4,3.0,nee,0
ORD-100280,K1153,Anvers,Belgie,26/04/25,Salbutamol inhalator,Rx,68,19.56,15.0,1130.57,incasso,4,5.2,ja,1
ORD-101906,K1001,Rotterdam,NL,2025-02-05,Salbutamol inhalator,Rx,19,18.39,0.0,349.41,incasso,4,2.9,nee,0
ORD-101484,K1016,Anvers,Belgie,31/03/25,Amoxicilline 250mg,Rx,11,6.92,10.0,68.51,incasso,4,1.1,nee,0
ORD-101823,K1094,Gent,BEL,2025-09-06,Ibuprofen 400mg,OTC,34,2.4,10.0,73.44,incasso,4,3.6,nee,0
ORD-101324,K1039,Zwolle,NL,10-09-2025,Salbutamol inhalator,Rx,26,18.62,10.0,435.71,vooruitbetaling,4,1.9,nee,0
ORD-101426,K1179,Rotterdam,NL,05/07/25,Vitamine D3 25mcg,OTC,21,7.53,5.0,150.22,vooruitbetaling,4,1.0,nee,0
ORD-100992,K1046,amsterdam,NL,2025-07-16,Ibuprofen 400mg,OTC,14,2.19,10.0,27.59,factuur,4,3.8,nee,0
ORD-100365,K1087,Rotterdam,NL,08/07/25,Metformine 850mg,Rx,120,4.46,0.0,535.2,incasso,4,3.7,nee,0
ORD-102071,K1100,Zwolle,NL,04/06/25,Vitamine D3 25mcg,OTC,7,7.12,15.0,42.36,factuur,4,2.9,nee,0
ORD-100676,K1106,Gent,BE,03-08-2025,Salbutamol inhalator,Rx,27,18.63,10.0,452.71,vooruitbetaling,4,1.4,nee,0
ORD-102026,K1009,Amsterdam,NL,27-04-2025,Levothyroxine 50mcg,Rx,108,3.08,0.0,332.64,factuur,4,2.8,nee,0
ORD-100998,K1051,,NL,2025-07-01,Paracetamol 500mg,OTC,21,1.83,5.0,36.51,creditcard,4,1.0,nee,0
ORD-101189,K1041,UTRECHT,NL,2025-09-03,Amoxicilline 250mg,Rx,19,6.4,0.0,121.6,,4,2.0,nee,0
ORD-101759,K1131,,NL,2025-08-24,Vitamine D3 25mcg,OTC,30,7.31,15.0,186.4,,4,1.0,nee,0
ORD-101342,K1000,UTRECHT,NL,2025-01-07,Vitamine D3 25mcg,OTC,10,7.26,10.0,65.34,factuur,4,1.4,nee,0
ORD-100094,K1028,rotterdam,NL,2025-03-26,Levothyroxine 50mcg,Rx,40,3.0,5.0,114.0,incasso,4,1.1,nee,0
ORD-101286,K1107,Eindhoven,NL,13-01-2025,Salbutamol inhalator,Rx,6,17.97,0.0,107.82,incasso,4,2.0,nee,0
ORD-102146,K1105,Maastricht,NL,24/04/25,Paracetamol 500mg,OTC,16,1.85,10.0,26.64,creditcard,4,2.8,nee,0
ORD-100167,K1079,Gent,BE,24-04-2025,Ibuprofen 400mg,OTC,7,2.49,,17.43,vooruitbetaling,4,2.8,nee,0
ORD-100496,K1166,Eindhoven,NL,24-05-2025,Ibuprofen 400mg,OTC,14,2.31,15.0,27.49,incasso,4,2.6,nee,0
ORD-101749,K1092,Den  Haag,NL,04/03/25,Vitamine D3 25mcg,OTC,10,6.96,10.0,62.64,factuur,4,1.0,nee,0
ORD-100714,K1031,amsterdam,NL,01/12/25,Simvastatine 40mg,Rx,24,3.94,5.0,89.83,factuur,4,4.1,nee,1
ORD-101539,K1044,Groningen,NL,2025-01-18,Vitamine D3 25mcg,OTC,28,7.43,0.0,208.04,vooruitbetaling,4,2.1,nee,0
ORD-100331,K1067,amsterdam,NL,2025-04-07,Omeprazol 20mg,Rx,17,5.12,0.0,87.04,factuur,4,2.5,nee,0
ORD-100219,K1084,Anvers,Belgie,2025-06-28,Salbutamol inhalator,Rx,10,19.11,5.0,181.54,creditcard,4,2.9,nee,0
ORD-101537,K1000,Rotterdam,NL,02-09-2025,Vitamine D3 25mcg,OTC,58,7.01,,345.59,vooruitbetaling,4,4.1,nee,1
ORD-100531,K1055,Utrceht,NL,29-03-2025,Vitamine D3 25mcg,OTC,20,7.02,0.0,140.4,creditcard,4,3.8,nee,0
ORD-101864,K1158,rotterdam,NL,24/04/25,Simvastatine 40mg,Rx,37,4.07,0.0,150.59,vooruitbetaling,4,1.4,nee,0
ORD-101980,K1005,,NL,2025-03-23,Levothyroxine 50mcg,Rx,13,3.15,,40.95,creditcard,4,3.6,nee,0
ORD-100305,K1146,Utrecht ,NL,2025-01-22,Ibuprofen 400mg,OTC,10,2.37,5.0,22.52,incasso,4,1.0,nee,0
ORD-101649,K1115,Eindhoven,NL,19/10/25,Vitamine D3 25mcg,OTC,31,7.39,0.0,229.09,creditcard,4,2.7,nee,0
ORD-100196,K1119,Gent,BE,10/01/25,Amoxicilline 250mg,Rx,31,6.66,10.0,185.81,creditcard,4,1.5,nee,0
ORD-101164,K1095,Eindhoven,NL,2025-03-21,Ibuprofen 400mg,OTC,10,2.43,10.0,21.87,incasso,4,1.1,nee,0
ORD-101618,K1039,Maastricht,NL,2025-03-23,Paracetamol 500mg,OTC,6,1.84,0.0,11.04,factuur,4,4.6,ja,1
ORD-101146,K1150,Rotterdam,NL,30/03/25,Amoxicilline 250mg,Rx,25,7.1,5.0,168.62,factuur,4,2.9,nee,0
ORD-100494,K1102,amsterdam,NL,20/07/25,Vitamine D3 25mcg,OTC,69,7.57,0.0,522.33,factuur,4,4.9,ja,1
ORD-100110,K1091,Eindhoven,NL,21-08-2025,Simvastatine 40mg,Rx,15,3.76,10.0,50.76,incasso,4,1.8,nee,0
ORD-101108,K1051,Zwolle,NL,2025-07-15,Insuline pen,Koelketen,41,41.1,0.0,1685.1,vooruitbetaling,6,1.9,nee,0
ORD-101269,K1055,Utrceht,NL,24-09-2025,Levothyroxine 50mcg,Rx,39,3.18,10.0,111.62,vooruitbetaling,4,1.6,nee,0
ORD-100369,K1010,Eindhoven,NL,02-07-2025,Levothyroxine 50mcg,Rx,12,3.15,15.0,32.13,factuur,4,1.9,nee,0
ORD-100793,K1179,Gent,Belgie,2025-10-09,Vitamine D3 25mcg,OTC,2,7.35,5.0,13.96,incasso,4,1.0,nee,0
ORD-100926,K1117,Rotterdam,NL,27/02/25,Ibuprofen 400mg,OTC,46,2.45,15.0,95.8,factuur,4,3.4,nee,0
ORD-101815,K1149,Utrecht,NL,02/08/25,Levothyroxine 50mcg,Rx,41,3.08,0.0,126.28,factuur,4,1.9,nee,0
ORD-100396,K1087,Gent,Belgie,26/02/25,Vitamine D3 25mcg,OTC,9,7.4,0.0,66.6,incasso,4,2.2,ja,0
ORD-101178,K1071,Utrecht ,NL,27/03/25,Salbutamol inhalator,Rx,67,20.42,0.0,1368.14,vooruitbetaling,4,2.8,nee,0
ORD-101215,K1032,Amsterdam ,NL,22-04-2025,Salbutamol inhalator,Rx,5,19.05,5.0,90.49,creditcard,4,3.5,nee,0
ORD-100797,K1154,Rotterdam,NL,18/10/25,Vitamine D3 25mcg,OTC,22,7.26,0.0,159.72,factuur,4,5.5,ja,1
ORD-101298,K1117,Antwerpen,Belgie,2025-05-21,Omeprazol 20mg,Rx,68,5.06,5.0,326.88,creditcard,4,4.0,ja,1
ORD-101062,K1062,Eindhoven,NL,2025-05-08,Ibuprofen 400mg,OTC,23,2.45,5.0,53.53,factuur,4,2.1,nee,0
ORD-100418,K1034,Rotterdam,NL,30-04-2025,Levothyroxine 50mcg,Rx,54,3.21,0.0,173.34,incasso,4,2.7,nee,0
ORD-100375,K1144,rotterdam,NL,2025-08-17,Vitamine D3 25mcg,OTC,15,7.26,10.0,98.01,creditcard,4,3.4,nee,0
ORD-100470,K1168,Gent,BEL,17/07/25,Omeprazol 20mg,Rx,94,5.19,15.0,414.68,factuur,4,3.1,nee,0
ORD-101541,K1179,Rotterdam,NL,16/03/25,Amoxicilline 250mg,Rx,24,6.53,,156.72,incasso,4,4.7,ja,1
ORD-100200,K1055,amsterdam,NL,14/05/25,Simvastatine 40mg,Rx,54,3.84,5.0,196.99,vooruitbetaling,4,3.7,nee,0
ORD-101761,K1073,Maastricht,NL,29/11/25,Paracetamol 500mg,OTC,67,1.83,0.0,122.61,vooruitbetaling,4,2.5,nee,0
ORD-100798,K1029,utrecht,NL,19-07-2025,Levothyroxine 50mcg,Rx,50,3.09,5.0,146.78,creditcard,4,1.9,nee,0
ORD-102059,K1110,rotterdam,NL,2025-06-12,Metformine 850mg,Rx,34,4.05,15.0,117.04,incasso,4,1.0,ja,0
ORD-101486,K1061,Rotterdam,NL,28/01/25,Ibuprofen 400mg,OTC,19,2.47,10.0,42.24,vooruitbetaling,4,3.6,nee,0
ORD-100538,K1146,rotterdam,NL,2025-01-09,Omeprazol 20mg,Rx,7,5.13,,34.11,creditcard,4,2.6,nee,0
ORD-100983,K1153,Utrceht,NL,28/06/25,Ibuprofen 400mg,OTC,47,2.4,10.0,101.52,factuur,4,2.8,nee,0
ORD-100480,K1159,Eindhoven,NL,28-02-2025,Salbutamol inhalator,Rx,10,18.33,,146.64,incasso,4,3.5,ja,0
ORD-101479,K1133,Gent,BE,30-04-2025,Vitamine D3 25mcg,OTC,21,7.17,15.0,127.98,factuur,4,1.4,nee,0
ORD-100223,K1134,Den Haag,NL,29/03/25,Amoxicilline 250mg,Rx,25,6.9,5.0,163.88,creditcard,4,3.1,nee,0
ORD-100672,K1078,Eindhoven,NL,19-11-2025,Metformine 850mg,Rx,19,4.39,5.0,79.24,creditcard,4,3.0,nee,0
ORD-101393,K1056,Zwolle,NL,05/02/25,Metformine 850mg,Rx,28,4.27,10.0,107.6,factuur,4,4.9,ja,1
ORD-100994,K1142,Eindhoven,NL,20/03/25,Amoxicilline 250mg,Rx,6,6.82,10.0,36.83,creditcard,4,2.3,nee,0
ORD-100580,K1086,Zwolle,NL,17-06-2025,Omeprazol 20mg,Rx,8,5.16,10.0,37.15,creditcard,4,1.0,nee,0
ORD-101045,K1120,Rotterdam,NL,2025-03-25,Ibuprofen 400mg,OTC,15,2.49,20.0,29.88,incasso,4,2.0,nee,0
ORD-100077,K1029,Rotterdam,NL,13/05/25,Paracetamol 500mg,OTC,11,1.88,,20.68,incasso,4,1.4,nee,0
ORD-101758,K1082,'s-Gravenhage,NL,2025-04-19,Metformine 850mg,Rx,120,4.1,20.0,393.6,vooruitbetaling,4,4.9,ja,1
ORD-100826,K1106,A'dam,NL,18/02/25,Ibuprofen 400mg,OTC,3,2.54,0.0,7.62,incasso,4,2.0,nee,0
ORD-100125,K1156,Utrceht,NL,2025-10-15,Paracetamol 500mg,OTC,-5,1.84,0.0,23.92,incasso,4,4.8,nee,1
ORD-101252,K1126,Rotterdam,NL,24/01/25,Vitamine D3 25mcg,OTC,43,7.03,10.0,272.06,vooruitbetaling,4,4.0,ja,1
ORD-101960,K1010,utrecht,NL,15/07/25,Metformine 850mg,Rx,13,4.06,10.0,47.5,incasso,4,3.5,nee,0
ORD-102253,K1092,amsterdam,NL,09-06-2025,Omeprazol 20mg,Rx,51,5.07,5.0,245.64,vooruitbetaling,4,1.0,nee,0
ORD-101596,K1132,Eindhoven,NL,20/02/25,Ibuprofen 400mg,OTC,15,2.4,10.0,32.4,,4,1.0,nee,0
ORD-100576,K1045,UTRECHT,NL,2025-08-25,Levothyroxine 50mcg,Rx,12,3.03,15.0,30.91,creditcard,4,2.4,nee,0
ORD-101575,K1055,Eindhoven,NL,2025-02-11,Paracetamol 500mg,OTC,35,1.87,5.0,62.18,vooruitbetaling,4,2.8,nee,0
ORD-100621,K1156,,BEL,14/04/25,Omeprazol 20mg,Rx,20,5.08,0.0,101.6,creditcard,4,3.2,nee,0
ORD-100767,K1004,Utrceht,NL,06-01-2025,Vitamine D3 25mcg,OTC,6,7.62,0.0,45.72,factuur,4,1.0,nee,0
ORD-101229,K1071,Amsterdam,NL,13-11-2025,Vitamine D3 25mcg,OTC,19,6.99,10.0,119.53,vooruitbetaling,4,1.4,nee,0
ORD-101340,K1068,rotterdam,NL,2025-11-08,Omeprazol 20mg,Rx,13,5.0,15.0,55.25,vooruitbetaling,4,4.2,ja,1
ORD-100659,K1089,Rotterdam,NL,14-11-2025,Levothyroxine 50mcg,Rx,26,2.92,5.0,72.12,factuur,4,,nee,0
ORD-102398,K1120,Den  Haag,NL,21/05/25,Levothyroxine 50mcg,Rx,34,3.17,5.0,102.39,vooruitbetaling,4,2.3,nee,0
ORD-102351,K1048,Maastricht,NL,13/02/25,Simvastatine 40mg,Rx,15,3.91,20.0,46.92,,4,2.7,nee,0
ORD-101517,K1068,Utrecht ,NL,15-05-2025,Ibuprofen 400mg,OTC,21,2.44,0.0,51.24,incasso,4,1.6,nee,0
ORD-101509,K1163,Rotterdam,NL,2025-03-13,Vitamine D3 25mcg,OTC,69,7.33,0.0,505.77,creditcard,4,4.4,ja,1
ORD-102265,K1085,Groningen,NL,02/05/25,Omeprazol 20mg,Rx,50,5.28,5.0,250.8,factuur,4,3.3,nee,0
ORD-100259,K1152,Amsterdam ,NL,17/11/25,Metformine 850mg,Rx,22,4.36,10.0,86.33,creditcard,4,1.1,nee,0
ORD-100282,K1116,Eindhoven,NL,2025-10-21,Insuline pen,Koelketen,8,42.58,5.0,323.61,incasso,6,1.2,nee,0
ORD-101614,K1065,Rotterdam,NL,2025-05-02,Ibuprofen 400mg,OTC,10,2.4,10.0,21.6,vooruitbetaling,4,1.6,nee,0
ORD-101184,K1085,Eindhoven,NL,13/08/25,Ibuprofen 400mg,OTC,15,2.49,0.0,37.35,creditcard,4,2.9,nee,0
ORD-101973,K1088,UTRECHT,NL,29/11/25,Omeprazol 20mg,Rx,13,5.0,0.0,65.0,vooruitbetaling,4,1.0,nee,0
ORD-100455,K1136,Rotterdam,NL,30/05/25,Vitamine D3 25mcg,OTC,4,7.32,,29.28,creditcard,4,4.3,nee,1
ORD-100434,K1170,Rotterdam,NL,2025-07-10,Levothyroxine 50mcg,Rx,45,3.26,0.0,146.7,creditcard,4,1.4,nee,0
ORD-100299,K1001,amsterdam,NL,18-11-2025,Salbutamol inhalator,Rx,55,17.96,5.0,938.41,vooruitbetaling,4,2.1,nee,0
ORD-101762,K1000,utrecht,NL,2025-08-27,Levothyroxine 50mcg,Rx,19,3.19,10.0,54.55,factuur,4,1.0,nee,0
ORD-102371,K1080,den haag,NL,04-03-2025,Simvastatine 40mg,Rx,19,4.01,5.0,72.38,vooruitbetaling,4,1.7,ja,0
ORD-101932,K1130,Anvers,BEL,15/09/25,Amoxicilline 250mg,Rx,12,7.08,0.0,84.96,incasso,4,3.5,nee,0
ORD-100438,K1144,antwerpen,Belgie,2025-07-01,Levothyroxine 50mcg,Rx,68,3.1,0.0,210.8,vooruitbetaling,4,3.3,nee,0
ORD-102024,K1092,A'dam,NL,2025-07-10,Vitamine D3 25mcg,OTC,24,7.32,10.0,158.11,incasso,4,2.7,nee,0
ORD-101626,K1060,Rotterdam,NL,2025-03-03,Metformine 850mg,Rx,80,4.01,10.0,288.72,vooruitbetaling,4,2.0,ja,0
ORD-100292,K1125,Eindhoven,NL,11/07/25,Paracetamol 500mg,OTC,18,1.82,5.0,31.12,creditcard,4,4.8,ja,1
ORD-101837,K1010,Anvers,BE,2025-05-26,Simvastatine 40mg,Rx,46,4.01,10.0,166.01,factuur,4,3.6,nee,0
ORD-100278,K1152,Anvers,BE,02/06/25,Amoxicilline 250mg,Rx,4,6.98,,25.13,vooruitbetaling,4,1.1,nee,0
ORD-100655,K1009,UTRECHT,NL,02-02-2025,Omeprazol 20mg,Rx,9,5.18,,41.96,vooruitbetaling,4,3.5,nee,0
ORD-101058,K1156,utrecht,NL,02-02-2025,Simvastatine 40mg,Rx,15,3.96,15.0,50.49,factuur,4,,nee,0
ORD-100732,K1089,Eindhoven,NL,25/02/25,Salbutamol inhalator,Rx,39,18.37,5.0,680.61,,4,3.7,nee,0
ORD-100553,K1103,Den  Haag,NL,2025-11-17,Amoxicilline 250mg,Rx,35,7.08,10.0,223.02,factuur,4,1.1,nee,0
ORD-102142,K1069,utrecht,NL,30/08/25,Omeprazol 20mg,Rx,12,5.1,0.0,61.2,incasso,4,5.7,nee,1
ORD-102375,K1173,Rotterdam,NL,2025-08-27,Amoxicilline 250mg,Rx,14,6.74,0.0,94.36,vooruitbetaling,4,3.3,nee,0
ORD-101900,K1150,Zwolle,NL,09/07/25,Vitamine D3 25mcg,OTC,26,7.06,,156.03,incasso,4,1.0,nee,0
ORD-101191,K1038,Gent,BE,26/07/25,Omeprazol 20mg,Rx,27,5.09,,130.56,vooruitbetaling,4,1.4,nee,0
ORD-101526,K1067,A'dam,NL,26/02/25,Ibuprofen 400mg,OTC,44,2.4,15.0,89.76,incasso,4,2.1,nee,0
ORD-101995,K1144,,NL,09-06-2025,Metformine 850mg,Rx,7,4.13,15.0,24.57,incasso,4,2.1,nee,0
ORD-101356,K1037,Utrecht,NL,10/09/25,Paracetamol 500mg,OTC,22,1.84,20.0,32.38,vooruitbetaling,4,1.3,nee,0
ORD-101694,K1028,Zwolle,NL,15/06/25,Simvastatine 40mg,Rx,22,3.77,20.0,66.35,creditcard,4,,nee,0
ORD-100775,K1122,Zwolle,NL,28/08/25,Omeprazol 20mg,Rx,395,4.99,5.0,1872.5,factuur,4,,nee,0
ORD-100426,K1026,amsterdam,NL,19/04/25,Salbutamol inhalator,Rx,16,19.27,5.0,292.9,factuur,4,1.8,nee,0
ORD-101786,K1166,Amsterdam ,NL,2025-01-21,Levothyroxine 50mcg,Rx,5,3.2,10.0,14.4,vooruitbetaling,4,2.2,nee,0
ORD-101186,K1160,antwerpen,BE,30/06/25,Amoxicilline 250mg,Rx,57,6.69,0.0,381.33,factuur,4,2.1,nee,0
ORD-102197,K1153,den haag,NL,29/05/25,Paracetamol 500mg,OTC,8,2.0,5.0,15.2,factuur,4,1.4,nee,0
ORD-102274,K1160,Den  Haag,NL,06/08/25,Salbutamol inhalator,Rx,33,18.72,10.0,555.98,incasso,4,2.9,nee,0
ORD-100865,K1055,Utrceht,NL,19-10-2025,Paracetamol 500mg,OTC,106,1.8,10.0,171.72,incasso,4,3.6,nee,0
ORD-101709,K1014,,NL,02/08/25,Amoxicilline 250mg,Rx,4,6.74,15.0,22.92,factuur,4,4.8,ja,1
ORD-101792,K1054,Den Haag,NL,09-08-2025,Paracetamol 500mg,OTC,11,1.85,5.0,19.33,factuur,4,3.9,nee,0
ORD-101245,K1162,UTRECHT,NL,12/08/25,Omeprazol 20mg,Rx,10,4.97,,42.24,vooruitbetaling,4,2.0,nee,0
ORD-100900,K1089,A'dam,NL,2025-05-10,Salbutamol inhalator,Rx,42,18.07,,758.94,creditcard,4,4.0,nee,0
ORD-101528,K1141,Groningen,NL,14-04-2025,Insuline pen,Koelketen,17,41.71,0.0,709.07,creditcard,6,3.5,nee,0
ORD-100601,K1114,Amsterdam ,NL,13-06-2025,Omeprazol 20mg,Rx,63,5.25,10.0,297.68,vooruitbetaling,4,3.7,nee,0
ORD-101291,K1093,antwerpen,BE,25/03/25,Levothyroxine 50mcg,Rx,16,2.99,0.0,47.84,,4,1.7,nee,0
ORD-100217,K1102,Utrecht,NL,2025-10-06,Omeprazol 20mg,Rx,32,5.12,0.0,163.84,creditcard,4,1.1,nee,0
ORD-102268,K1161,Zwolle,NL,10-07-2025,Vitamine D3 25mcg,OTC,40,7.28,5.0,276.64,factuur,4,1.7,nee,0
ORD-100213,K1150,rotterdam,NL,20-06-2025,Metformine 850mg,Rx,117,4.16,,413.71,creditcard,4,3.1,nee,0
ORD-100035,K1002,Rotterdam,NL,2025-08-28,Metformine 850mg,Rx,10,4.31,,43.1,vooruitbetaling,4,3.1,nee,0
ORD-100367,K1168,Maastricht,NL,14-08-2025,Vitamine D3 25mcg,OTC,12,7.14,20.0,68.54,creditcard,4,2.8,nee,0
ORD-100012,K1082,Utrecht,NL,27-07-2025,Ibuprofen 400mg,OTC,22,2.45,0.0,53.9,factuur,4,3.2,nee,0
ORD-100476,K1178,Utrceht,NL,28-08-2025,Ibuprofen 400mg,OTC,132,2.42,5.0,303.47,creditcard,4,3.3,nee,0
ORD-101720,K1102,antwerpen,BE,14-04-2025,Paracetamol 500mg,OTC,29,1.9,0.0,55.1,factuur,4,1.8,nee,0
ORD-102282,K1109,Groningen,NL,2025-08-20,Ibuprofen 400mg,OTC,9,2.38,20.0,17.14,creditcard,4,2.7,nee,0
ORD-101084,K1125,Eindhoven,NL,2025-07-14,Vitamine D3 25mcg,OTC,12,7.44,,75.89,incasso,4,1.4,nee,0
ORD-102367,K1096,Maastricht,NL,29/07/25,Vitamine D3 25mcg,OTC,42,7.67,0.0,322.14,factuur,4,1.0,nee,0
ORD-101632,K1062,Zwolle,NL,29-01-2025,Levothyroxine 50mcg,Rx,4,3.02,20.0,9.66,factuur,4,1.0,nee,0
ORD-100013,K1006,Gent,BEL,21-07-2025,Ibuprofen 400mg,OTC,10,2.38,15.0,20.23,,4,2.1,nee,0
ORD-102111,K1074,Rotterdam,NL,15-05-2025,Levothyroxine 50mcg,Rx,12,3.29,10.0,35.53,factuur,4,2.0,nee,0
ORD-101023,K1134,Rotterdam,NL,2025-04-01,Levothyroxine 50mcg,Rx,10,3.15,0.0,31.5,vooruitbetaling,4,3.2,nee,0
ORD-100964,K1126,Amsterdam,NL,14-01-2025,Insuline pen,Koelketen,10,42.33,5.0,402.13,factuur,6,4.2,nee,0
ORD-100607,K1117,Groningen,NL,2025-09-08,Simvastatine 40mg,Rx,9,3.83,,27.58,incasso,4,3.4,nee,0
ORD-102061,K1066,Maastricht,NL,24-05-2025,Paracetamol 500mg,OTC,3,1.76,5.0,5.02,vooruitbetaling,4,3.0,nee,0
ORD-100435,K1060,Groningen,NL,07/10/25,Ibuprofen 400mg,OTC,19,2.25,0.0,42.75,vooruitbetaling,4,2.6,nee,0
ORD-100017,K1075,Eindhoven,NL,2025-02-20,Ibuprofen 400mg,OTC,44,2.43,0.0,106.92,vooruitbetaling,4,3.6,nee,0
ORD-101782,K1024,UTRECHT,NL,30-07-2025,Paracetamol 500mg,OTC,25,1.93,15.0,41.01,vooruitbetaling,4,1.4,nee,0
ORD-101803,K1049,Eindhoven,NL,03-07-2025,Paracetamol 500mg,OTC,90,1.81,5.0,154.76,creditcard,4,1.2,nee,0
ORD-102255,K1045,A'dam,NL,2025-06-18,Levothyroxine 50mcg,Rx,101,3.03,0.0,306.03,factuur,4,2.6,nee,0
ORD-101114,K1092,Utrceht,NL,26-07-2025,Vitamine D3 25mcg,OTC,13,7.2,0.0,93.6,vooruitbetaling,4,1.3,nee,0
ORD-101953,K1073,amsterdam,NL,12-02-2025,Paracetamol 500mg,OTC,47,1.85,15.0,73.91,incasso,4,2.3,nee,0
ORD-100344,K1006,Zwolle,NL,2025-01-26,Ibuprofen 400mg,OTC,15,2.37,15.0,30.22,incasso,4,1.7,nee,0
ORD-102314,K1176,amsterdam,NL,18/08/25,Metformine 850mg,Rx,67,4.1,5.0,260.96,vooruitbetaling,4,2.0,nee,0
ORD-101717,K1009,Gent,BE,31/08/25,Simvastatine 40mg,Rx,11,3.96,,43.56,incasso,4,1.6,nee,0
ORD-100032,K1149,Eindhoven,NL,25-01-2025,Insuline pen,Koelketen,61,42.03,5.0,2435.64,factuur,6,5.3,nee,0
ORD-100372,K1040,Antwerpen,Belgie,2025-09-07,Paracetamol 500mg,OTC,16,1.84,5.0,27.97,vooruitbetaling,4,2.2,nee,0
ORD-100657,K1082,rotterdam,NL,11/05/25,Vitamine D3 25mcg,OTC,8,7.25,5.0,55.1,vooruitbetaling,4,4.7,nee,1
ORD-102220,K1156,Utrecht,NL,01/07/25,Simvastatine 40mg,Rx,88,3.94,0.0,346.72,,4,2.9,nee,0
ORD-101086,K1115,rotterdam,NL,09/06/25,Vitamine D3 25mcg,OTC,43,7.43,5.0,303.52,incasso,4,5.1,ja,1
ORD-102390,K1052,Utrecht ,NL,16/04/25,Metformine 850mg,Rx,18,4.15,10.0,67.23,vooruitbetaling,4,3.0,nee,0
ORD-102248,K1142,Antwerpen,BEL,07-03-2025,Simvastatine 40mg,Rx,19,3.84,0.0,72.96,vooruitbetaling,4,1.8,nee,0
ORD-101316,K1162,utrecht,NL,15-09-2025,Amoxicilline 250mg,Rx,18,6.61,20.0,95.18,vooruitbetaling,4,3.3,nee,0
ORD-100860,K1058,amsterdam,NL,24-09-2025,Simvastatine 40mg,Rx,18,4.11,15.0,62.88,vooruitbetaling,4,1.1,nee,0
ORD-101607,K1035,utrecht,NL,2025-03-19,Vitamine D3 25mcg,OTC,23,7.76,10.0,160.63,factuur,4,2.3,nee,0
ORD-100044,K1027,Rotterdam,NL,2025-04-27,Ibuprofen 400mg,OTC,14,2.43,5.0,32.32,vooruitbetaling,4,3.6,nee,0
ORD-101534,K1030,Eindhoven,NL,08-09-2025,Insuline pen,Koelketen,26,40.97,0.0,1065.22,creditcard,6,3.5,nee,0
ORD-102106,K1069,Eindhoven,NL,2025-08-09,Paracetamol 500mg,OTC,27,1.79,0.0,48.33,creditcard,4,5.3,ja,1
ORD-100489,K1096,Gent,BEL,2025-11-09,Insuline pen,Koelketen,24,41.99,10.0,906.98,incasso,6,5.6,nee,0
ORD-100503,K1113,den haag,NL,11-08-2025,Simvastatine 40mg,Rx,9,4.08,15.0,31.21,factuur,4,2.6,nee,0
ORD-102260,K1174,Utrceht,NL,2025-07-30,Ibuprofen 400mg,OTC,17,2.4,10.0,36.72,vooruitbetaling,4,2.0,nee,0
ORD-100133,K1131,Utrceht,NL,14/11/25,Salbutamol inhalator,Rx,83,19.12,0.0,1586.96,,4,,nee,0
ORD-102108,K1104,Eindhoven,NL,07-09-2025,Amoxicilline 250mg,Rx,39,6.47,0.0,252.33,vooruitbetaling,4,5.0,nee,1
ORD-100690,K1105,Maastricht,NL,01/08/25,Omeprazol 20mg,Rx,7,5.07,15.0,30.17,incasso,4,3.6,nee,0
ORD-102074,K1098,Eindhoven,NL,2025-09-19,Paracetamol 500mg,OTC,18,1.81,10.0,29.32,creditcard,4,3.5,nee,0
ORD-102148,K1016,Utrecht,NL,24/08/25,Paracetamol 500mg,OTC,18,1.84,5.0,31.46,creditcard,4,3.3,nee,0
ORD-100974,K1042,Rotterdam,NL,2025-02-18,Amoxicilline 250mg,Rx,15,6.88,20.0,82.56,factuur,4,2.0,nee,0
ORD-100206,K1066,Utrceht,NL,26-07-2025,Amoxicilline 250mg,Rx,37,6.96,0.0,257.52,incasso,4,3.0,nee,0
ORD-100776,K1105,Groningen,NL,2025-04-15,Metformine 850mg,Rx,35,4.18,20.0,117.04,creditcard,4,1.3,ja,0
ORD-100788,K1021,Antwerpen,Belgie,07/04/25,Levothyroxine 50mcg,Rx,35,3.15,5.0,104.74,incasso,4,1.6,nee,0
ORD-100363,K1022,Rotterdam,NL,29/09/25,Amoxicilline 250mg,Rx,22,6.77,10.0,134.05,creditcard,4,1.0,nee,0
ORD-100795,K1097,rotterdam,NL,10-11-2025,Paracetamol 500mg,OTC,2,1.98,,3.56,factuur,4,2.2,nee,0
ORD-101936,K1161,Eindhoven,NL,30-05-2025,Amoxicilline 250mg,Rx,24,6.62,10.0,142.99,vooruitbetaling,4,2.7,nee,0
ORD-101628,K1116,rotterdam,NL,03-05-2025,Paracetamol 500mg,OTC,101,1.85,0.0,186.85,vooruitbetaling,4,4.4,ja,1
ORD-101276,K1047,Maastricht,NL,10-10-2025,Levothyroxine 50mcg,Rx,12,3.14,15.0,32.03,creditcard,4,4.1,nee,1
ORD-100939,K1059,Den  Haag,NL,2025-10-01,Levothyroxine 50mcg,Rx,25,3.18,0.0,79.5,factuur,4,1.6,nee,0
ORD-101505,K1098,rotterdam,NL,2025-08-02,Insuline pen,Koelketen,19,40.28,0.0,765.32,vooruitbetaling,6,4.5,nee,0
ORD-100647,K1092,Rotterdam,NL,27/11/25,Levothyroxine 50mcg,Rx,10,3.09,20.0,24.72,incasso,4,1.0,nee,0
ORD-101003,K1085,Gent,Belgie,2025-11-06,Amoxicilline 250mg,Rx,33,6.73,5.0,210.99,creditcard,4,1.3,nee,0
ORD-102110,K1177,antwerpen,Belgie,11/09/25,Salbutamol inhalator,Rx,85,18.49,5.0,1493.07,vooruitbetaling,4,1.2,ja,0
ORD-101172,K1014,Maastricht,NL,2025-08-17,Amoxicilline 250mg,Rx,14,6.79,20.0,76.05,creditcard,4,3.4,nee,0
ORD-100483,K1008,Groningen,NL,26/03/25,Metformine 850mg,Rx,90,4.28,15.0,327.42,creditcard,4,2.9,nee,0
ORD-101810,K1026,Eindhoven,NL,2025-05-20,Insuline pen,Koelketen,18,42.23,5.0,722.13,vooruitbetaling,6,,nee,0
ORD-100052,K1005,Rotterdam,NL,2025-06-17,Levothyroxine 50mcg,Rx,17,3.15,20.0,42.84,factuur,4,3.5,nee,0
ORD-100242,K1133,rotterdam,NL,25/07/25,Salbutamol inhalator,Rx,14,19.38,10.0,244.19,creditcard,4,4.6,ja,1
ORD-102083,K1178,Eindhoven,NL,02-09-2025,Paracetamol 500mg,OTC,14,1.94,,21.73,factuur,4,1.0,nee,0
ORD-101985,K1056,rotterdam,NL,23/09/25,Insuline pen,Koelketen,29,41.35,15.0,1019.28,factuur,6,5.4,nee,0
ORD-101202,K1011,Gent,BE,2025-06-07,Levothyroxine 50mcg,Rx,15,3.09,0.0,46.35,factuur,4,3.7,nee,0
ORD-100738,K1179,Utrceht,NL,05/03/25,Paracetamol 500mg,OTC,13,1.82,15.0,20.11,creditcard,4,1.8,nee,0
ORD-102168,K1033,Utrecht,NL,19/11/25,Salbutamol inhalator,Rx,62,18.78,5.0,1106.14,incasso,4,3.5,nee,0
ORD-101299,K1064,Utrceht,NL,2025-01-07,Amoxicilline 250mg,Rx,60,6.87,10.0,370.98,factuur,4,4.1,nee,1
ORD-101019,K1157,Eindhoven,NL,13-07-2025,Insuline pen,Koelketen,35,38.99,0.0,1364.65,incasso,6,4.6,nee,0
ORD-102092,K1126,Gent,Belgie,27/02/25,Ibuprofen 400mg,OTC,5,2.58,20.0,10.32,creditcard,4,1.0,nee,0
ORD-100836,K1074,rotterdam,NL,17-04-2025,Vitamine D3 25mcg,OTC,37,7.54,0.0,278.98,creditcard,4,1.0,nee,0
ORD-102124,K1011,antwerpen,Belgie,05/04/25,Ibuprofen 400mg,OTC,12,2.43,,29.16,factuur,4,3.5,nee,0
ORD-101744,K1152,A'dam,NL,18/10/25,Salbutamol inhalator,Rx,15,19.17,5.0,273.17,vooruitbetaling,4,2.3,nee,0
ORD-100368,K1064,antwerpen,Belgie,02/05/25,Vitamine D3 25mcg,OTC,13,7.08,10.0,82.84,incasso,4,3.3,nee,0
ORD-100267,K1079,Zwolle,NL,31-10-2025,Ibuprofen 400mg,OTC,30,2.37,,63.99,creditcard,4,2.9,nee,0
ORD-100728,K1062,Zwolle,NL,2025-04-09,Metformine 850mg,Rx,23,4.17,10.0,86.32,creditcard,4,2.1,nee,0
ORD-101519,K1166,Groningen,NL,19/03/25,Vitamine D3 25mcg,OTC,24,7.12,15.0,145.25,creditcard,4,3.7,nee,0
ORD-101033,K1017,Groningen,NL,07-09-2025,Ibuprofen 400mg,OTC,8,2.32,0.0,18.56,,4,3.7,nee,0
ORD-101712,K1095,Utrecht,NL,07-01-2025,Metformine 850mg,Rx,17,4.29,10.0,65.64,,4,3.2,nee,0
ORD-102333,K1011,Gent,BE,09/05/25,Insuline pen,Koelketen,6,41.81,0.0,250.86,factuur,6,,nee,1
ORD-100295,K1043,Rotterdam,NL,18/04/25,Metformine 850mg,Rx,94,4.19,10.0,354.47,factuur,4,4.5,ja,1
ORD-101848,K1002,utrecht,NL,06-06-2025,Paracetamol 500mg,OTC,72,1.83,15.0,112.0,vooruitbetaling,4,3.5,nee,0
ORD-100625,K1093,rotterdam,NL,2025-11-26,Ibuprofen 400mg,OTC,12,2.55,0.0,30.6,factuur,4,2.5,nee,0
ORD-100277,K1037,Anvers,BEL,2025-09-30,Amoxicilline 250mg,Rx,19,6.99,0.0,132.81,creditcard,4,1.1,nee,0
ORD-100497,K1106,den haag,NL,2025-11-11,Salbutamol inhalator,Rx,5,18.3,10.0,82.35,incasso,4,3.1,nee,0
ORD-100484,K1140,Amsterdam ,NL,2025-03-11,Insuline pen,Koelketen,7,40.99,0.0,286.93,vooruitbetaling,6,3.1,nee,0
ORD-101520,K1035,Den Haag,NL,18-05-2025,Paracetamol 500mg,OTC,20,1.8,0.0,36.0,vooruitbetaling,4,3.0,nee,0
ORD-100182,K1085,Amsterdam ,NL,2025-04-05,Paracetamol 500mg,OTC,10,1.73,0.0,17.3,incasso,4,4.6,ja,1
ORD-100970,K1084,Eindhoven,NL,06/05/25,Metformine 850mg,Rx,40,4.25,0.0,170.0,factuur,4,2.4,nee,0
ORD-101851,K1099,den haag,NL,20/08/25,Metformine 850mg,Rx,7,4.11,,28.77,factuur,4,,nee,0
ORD-102224,K1084,utrecht,NL,27-02-2025,Ibuprofen 400mg,OTC,8,2.26,0.0,18.08,factuur,4,2.4,nee,0
ORD-100684,K1069,Gent,BEL,10-08-2025,Ibuprofen 400mg,OTC,20,2.48,10.0,44.64,factuur,4,2.7,nee,0
ORD-101768,K1142,Anvers,Belgie,16-07-2025,Paracetamol 500mg,OTC,17,1.75,0.0,29.75,vooruitbetaling,4,2.7,nee,0
ORD-100450,K1118,utrecht,NL,18-08-2025,Insuline pen,Koelketen,21,41.96,10.0,793.04,factuur,6,5.5,nee,0
ORD-102084,K1023,utrecht,NL,02-09-2025,Omeprazol 20mg,Rx,3,5.27,10.0,14.23,creditcard,4,1.1,nee,0
ORD-101180,K1062,UTRECHT,NL,06-03-2025,Paracetamol 500mg,OTC,5,1.92,0.0,9.6,incasso,4,2.4,nee,0
ORD-102050,K1113,Maastricht,NL,11-02-2025,Paracetamol 500mg,OTC,77,1.81,10.0,125.43,creditcard,4,2.7,nee,0
ORD-100754,K1138,Utrceht,NL,2025-03-01,Vitamine D3 25mcg,OTC,20,7.35,10.0,132.3,incasso,4,1.3,nee,0
ORD-100508,K1133,utrecht,NL,2025-02-16,Amoxicilline 250mg,Rx,10,6.54,0.0,65.4,vooruitbetaling,4,3.5,nee,0
ORD-102356,K1038,Antwerpen,BE,2025-03-27,Paracetamol 500mg,OTC,32,1.79,5.0,54.42,incasso,4,2.4,nee,0
ORD-101981,K1045,Anvers,BE,2025-04-19,Amoxicilline 250mg,Rx,39,6.73,10.0,236.22,vooruitbetaling,4,3.0,nee,0
ORD-101438,K1149,utrecht,NL,16-07-2025,Levothyroxine 50mcg,Rx,19,3.03,0.0,57.57,incasso,4,,nee,0
ORD-101445,K1065,Rotterdam,NL,2025-06-24,Amoxicilline 250mg,Rx,31,6.49,10.0,181.07,,4,1.2,nee,0
ORD-100141,K1056,Groningen,NL,12-01-2025,Vitamine D3 25mcg,OTC,36,7.14,0.0,257.04,factuur,4,3.8,nee,0
ORD-100864,K1070,Groningen,NL,2025-05-08,Omeprazol 20mg,Rx,75,5.11,15.0,325.76,incasso,4,2.9,nee,0
ORD-102231,K1094,Den Haag,NL,08/05/25,Levothyroxine 50mcg,Rx,26,3.16,0.0,82.16,incasso,4,4.8,ja,1
ORD-102322,K1132,Amsterdam ,NL,07-09-2025,Amoxicilline 250mg,Rx,11,6.32,10.0,62.57,factuur,4,1.0,nee,0
ORD-101010,K1168,Rotterdam,NL,2025-03-20,Metformine 850mg,Rx,14,4.11,10.0,51.79,incasso,4,2.1,nee,0
ORD-100848,K1022,Groningen,NL,29/09/25,Ibuprofen 400mg,OTC,12,2.46,10.0,26.57,creditcard,4,1.0,nee,0
ORD-101994,K1100,Anvers,BEL,19-07-2025,Levothyroxine 50mcg,Rx,33,3.11,10.0,92.37,incasso,4,3.4,nee,0
ORD-100887,K1044,Amsterdam,NL,08-10-2025,Amoxicilline 250mg,Rx,36,6.77,10.0,219.35,incasso,4,2.8,nee,0
ORD-100117,K1045,Groningen,NL,2025-06-25,Paracetamol 500mg,OTC,19,1.76,10.0,30.1,creditcard,4,1.3,ja,0
ORD-102161,K1029,Utrceht,NL,2025-11-18,Paracetamol 500mg,OTC,4,1.88,0.0,7.52,creditcard,4,1.0,nee,0
ORD-100545,K1031,Eindhoven,NL,07/02/25,Ibuprofen 400mg,OTC,76,2.4,0.0,182.4,incasso,4,,nee,0
ORD-101789,K1024,rotterdam,NL,2025-08-14,Ibuprofen 400mg,OTC,21,2.38,20.0,39.98,factuur,4,1.8,nee,0
ORD-102213,K1015,Utrceht,NL,10-04-2025,Metformine 850mg,Rx,4,4.18,10.0,15.05,creditcard,4,3.2,nee,0
ORD-101976,K1040,utrecht,NL,20/02/25,Ibuprofen 400mg,OTC,14,2.35,0.0,32.9,vooruitbetaling,4,2.9,nee,0
ORD-102232,K1071,A'dam,NL,12-05-2025,Paracetamol 500mg,OTC,7,1.84,5.0,12.24,vooruitbetaling,4,1.0,nee,0
ORD-101983,K1138,Amsterdam,NL,2025-03-08,Salbutamol inhalator,Rx,7,20.35,10.0,128.21,vooruitbetaling,4,1.0,nee,0
ORD-101396,K1139,den haag,NL,29/06/25,Levothyroxine 50mcg,Rx,6,3.21,0.0,19.26,vooruitbetaling,4,5.5,ja,1
ORD-100274,K1022,Anvers,BE,05/07/25,Amoxicilline 250mg,Rx,56,6.73,5.0,358.04,vooruitbetaling,4,4.9,ja,1
ORD-100704,K1073,Utrceht,NL,16-02-2025,Omeprazol 20mg,Rx,8,5.12,0.0,40.96,incasso,4,3.6,nee,0
ORD-101024,K1038,Maastricht,NL,13-10-2025,Amoxicilline 250mg,Rx,74,6.22,10.0,414.25,factuur,4,2.3,nee,0
ORD-101590,K1147,utrecht,NL,14-11-2025,Amoxicilline 250mg,Rx,12,6.9,0.0,82.8,creditcard,4,2.7,nee,0
ORD-101564,K1019,Zwolle,NL,10-01-2025,Salbutamol inhalator,Rx,16,18.9,5.0,287.28,factuur,4,1.3,nee,0
ORD-101742,K1115,Den  Haag,NL,17-05-2025,Simvastatine 40mg,Rx,75,3.93,0.0,294.75,vooruitbetaling,4,2.4,nee,0
ORD-100383,K1011,Maastricht,NL,28-06-2025,Ibuprofen 400mg,OTC,21,2.41,,50.61,incasso,4,1.7,nee,0
ORD-101429,K1151,Maastricht,NL,04-07-2025,Paracetamol 500mg,OTC,10,1.89,5.0,17.95,vooruitbetaling,4,2.9,nee,0
ORD-101829,K1134,Den Haag,NL,24/07/25,Amoxicilline 250mg,Rx,38,6.79,0.0,258.02,creditcard,4,2.9,nee,0
ORD-100176,K1150,antwerpen,BE,16-07-2025,Omeprazol 20mg,Rx,5,5.02,0.0,25.1,creditcard,4,1.3,nee,0
ORD-101359,K1172,utrecht,NL,2025-11-06,Amoxicilline 250mg,Rx,55,6.84,5.0,357.39,creditcard,4,4.8,ja,1
ORD-100830,K1106,Groningen,NL,09-01-2025,Salbutamol inhalator,Rx,28,18.15,5.0,482.79,incasso,4,1.1,nee,0
ORD-101642,K1032,Maastricht,NL,2025-06-15,Omeprazol 20mg,Rx,17,5.24,20.0,71.26,creditcard,4,4.5,ja,1
ORD-101633,K1070,Utrecht ,NL,2025-06-20,Levothyroxine 50mcg,Rx,12,3.09,,33.37,creditcard,4,3.7,nee,0
ORD-100622,K1048,Maastricht,NL,04-03-2025,Omeprazol 20mg,Rx,5,5.42,,24.39,factuur,4,2.6,nee,0
ORD-100858,K1157,Groningen,NL,2025-04-21,Insuline pen,Koelketen,70,40.62,20.0,2274.72,factuur,6,2.8,nee,0
ORD-100641,K1135,Eindhoven,NL,2025-09-22,Levothyroxine 50mcg,Rx,10,3.16,0.0,31.6,factuur,4,1.3,nee,0
ORD-102306,K1044,A'dam,NL,12-07-2025,Paracetamol 500mg,OTC,14,1.88,10.0,23.69,incasso,4,4.6,ja,1
ORD-100834,K1061,A'dam,NL,10/07/25,Amoxicilline 250mg,Rx,33,7.07,0.0,233.31,vooruitbetaling,4,1.3,nee,0
ORD-101498,K1034,den haag,NL,14-04-2025,Paracetamol 500mg,OTC,61,1.91,15.0,99.03,factuur,4,1.5,nee,0
ORD-100337,K1169,utrecht,NL,05-07-2025,Simvastatine 40mg,Rx,48,3.95,10.0,170.64,vooruitbetaling,4,3.7,nee,0
ORD-101447,K1066,Eindhoven,NL,25-07-2025,Vitamine D3 25mcg,OTC,140,7.39,5.0,982.87,factuur,4,,nee,0
ORD-101964,K1173,Groningen,NL,18-04-2025,Salbutamol inhalator,Rx,26,17.33,20.0,360.46,creditcard,4,2.0,nee,0
ORD-101684,K1092,antwerpen,BEL,2025-07-10,Insuline pen,Koelketen,16,41.08,10.0,591.55,factuur,6,5.0,nee,0
ORD-101143,K1154,rotterdam,NL,10/03/25,Ibuprofen 400mg,OTC,7,2.32,5.0,15.43,incasso,4,1.9,nee,0
ORD-101705,K1099,Utrecht ,NL,25-03-2025,Insuline pen,Koelketen,35,42.72,10.0,1345.68,factuur,6,4.4,nee,0
ORD-101738,K1020,UTRECHT,NL,18/03/25,Omeprazol 20mg,Rx,4,5.21,0.0,20.84,factuur,4,2.0,nee,0
ORD-100789,K1103,'s-Gravenhage,NL,27/09/25,Metformine 850mg,Rx,45,4.14,10.0,167.67,vooruitbetaling,4,4.1,nee,1
ORD-102304,K1088,Rotterdam,NL,26-06-2025,Paracetamol 500mg,OTC,56,1.86,5.0,98.95,factuur,4,3.3,nee,0
ORD-100968,K1087,Antwerpen,BEL,21/08/25,Paracetamol 500mg,OTC,9,1.8,5.0,15.39,vooruitbetaling,4,2.2,nee,0
ORD-101667,K1017,Utrceht,NL,2025-07-11,Simvastatine 40mg,Rx,21,4.07,0.0,85.47,incasso,4,2.9,nee,0
ORD-101688,K1035,Eindhoven,NL,11/08/25,Metformine 850mg,Rx,26,4.17,10.0,97.58,creditcard,4,1.7,nee,0
ORD-101898,K1167,Groningen,NL,03-10-2025,Paracetamol 500mg,OTC,25,1.84,0.0,46.0,incasso,4,3.8,nee,0
